original_sha,new_sha
20359461e1d392da5a43f2c3eefbadfa5733e78e,21fbb781d36466a7c7cbedf2586e5ab0691d080d
44da910ae8732581b5227fca812b5e25aad00755,2c9c7730a2bfa2379ec1bcadc575f8d4c6b2caa0
1b8212d895f952db0d06c16d3956ce8440f28135,38e3ec55009ccda6ecf6c2172ccb0cf6f5df59a7
2e9845c4c4a863157182e5f25b95252d1bb0e06e,14bef45e5b63d7528753409047e6020cf8c37fc1
eeb1535404f321d280a8f9194bbc1d7aca5f05fc,b8adccd2bb706ae7efdac3f3ef00dc52150d0d1d
1b92217fcbaced6e07b81e910fa2945a7e090dcd,066c173242c66d1f712ee1e2907ce91d937a60d0
974c5da5f039d2d12b30c6e790aeccba0b1d3a61,1df537777fb2198723a716bc63a106ff9648650c
0c57daa5cc93577228ebe5cfdad73dbdde49a605,a0f9e2e6ebf9a07e97466d4730d376c637e14200
295db7eba1cbb2d19c3ca5b89cdd641a4c5a9b2d,f66e73e799f9ac6c194010d996ab4bf5ce42220f
87a8504b7d964b1262d455908675feccbb542e23,a267e9e765ddd4638e889191f0f8c7324d900312
fe46d4b566522ed67fc31593243a83fdc4261f75,5510990c8eb6651e1264d659959c4e7686ff6660
bf93de554b770c9dac2a0f3a2e308e4f44e89f3a,79843df344295523ddc4f19fa7f8d0336e112f4c
082f8899473b4a209e8d036c0aa3597b5b6f4aba,9f0cea76e4b840d08d3170331accfc8f33a3027a
4c6bc4087d7d1efc83cde56830d152309c6321fb,9041ba2b4647c4c05285f2031a1e8b05c4a07857
c97dfc225480b611108470629970cae56981ac0d,d9ae68d20df34f2bd27dfcb097bb6964653ff285
15a1b3a2adb2c5995a546220bc7ccbb9b9973a9c,df5990c4a78a8cbc81912fba5337228102e168a3
0e908b366a1c74bb86b5355887abb202eb4be9b7,42470634a4ecb45d88f3c0d4c57ce50cfe218da0
4576eeb487a334758485528fdfe52a113e77dcb8,d77cb9b4138e8c0e3316ca4329f407ddbfa2bb8b
4a721e047fc0479dfd103839284ae5b864cfe193,626a8b738e43e7da815ec0ceaead0830edce9e01
3eea7ef0caacc74428248677b548b81c4f0dc123,38207875d025bc3a5918878e28b3d3dd78665a52
7b98f2ac1cb02bb3301c450aef5b052df757fe96,c448aee18445e8e81511c0a75f1e1db0ef5eb782
60db4a0fd83a70be5c55ee7884f6be15cc3cab2f,981bfae676b4e53cfcca1a2f9c5e7adf915d52ad
5f2a00d83bbfd108329d2648e608e363352220f2,78e0abdce646d0f579dfd502da9dc5832ef10d34
75354ca9617e9e84fd2f65176ca026b0df804727,0ed87c019fcb77377427b4b298ceaf417b9ebb7b
898b77bc14b02eb89178222356cbcd4c1c8ccdbf,52b7029bc46a975e3d259d6a09f9e5606d8cf020
2682db13343a9754e5a7404cc9d8e299545be4b1,a16af151e3d590e9a37142ad92f4f5338debeeb2
6cb3ebc0b451565e488ab52c9ddd3cd60f040620,f7640ad0fb0b5a0b7edf5cd7ed0b5cd0090237dc
a8a53ff3972a4fb03a2d936ce215174b51680b5e,4e4d3f0642381116befdbc5e12709c5431b8a108
c36dc8c4911b3a5b3ae6462bce6788e01b7e698b,5bebbc21889081a361c5b9afeb6862bd1921a552
91382b2cebafd43a160a7c17eff6a89693d78bd0,523596f1469d9623e5ab3486842c5bb254c3ff91
1c869693a8a0b35ae0e16c487ca532fd2a82e7ea,26dcb0576c65c2cd7f8076c47cfefd966de520f7
a0c814ade7ea0387d21842d2164fc6a287905213,8760c7bd0598e6ca911d8ea43bb6ad99bb03423a
3712857009d4cce6efcf1de2e921c1e972658e72,59445f3af77a0022fbe2340df2e5952d533fa2a7
b33b19824a4227d30255df49ad240f0ddca51067,9bd6d12f292dc1d0c9dfa3e218130804ddd8d76a
c95d6b58b4301589542dbb701f3d0f35180c56b8,72a86e78234ecb9cb3267e4cb4361b7be46941ce
f4e45aa899fa31c25ef8deeffe7eceb24e8dfbcd,da1063b1aa1404aa5237ca1e084d31f7ccf9a7b3
f2827730559ae3bacb2c4e11079190602bdcf1f6,47a53a27707434c38011131be1be74a43c67531d
9a171aaea7c9116c38ed1470bac96dc7b4d1aacc,1846df981ee37c2932314bb12e13fafedb7bd3c9
e39dc440e98c805c2d2652acefee43c1352bf2fc,84e499526fdec0faee18c32a7e6e9e8280b7ab5e
6d653dc1a1048f3a32f428d6621d3b08fc29c15c,678df5949a59d23bacbfc5e062f87d1f10622bf1
e2aa795c71efefe7317351b21b6e1f74a69ce55e,357d9a94972930547d4a3760931e7518b1efbb65
f42dcd336ebbff9de7236664fcf33c891d26017d,2473f8324585bbae680ab0a5f3f1e804248cc8a9
981a58f4587802606613da8c5c758cfbca82b776,fd079e9486a3ffb478d60245aaad10d01c76e539
1097673f4ab60f9fc6bfe3f225baa119ff95756d,874fd753f9d97b29cb1613c3b0e8ef9db88adf71
42bbca1457aa8269f281de3bfc28dde4f39ab5ed,8248bdd82cce39a536412eadf4d4b1413a279772
849b66399b1dba1cf326ae368f732611e68b71ef,7e23e5d2d8a4208cb19caef2aa4f36b1afd77e76
4e2a1e7283400ea6c2956b686ab63b4ee499d9f5,e25964bd8019fbaeaca0cf263cc30c6c6d85815e
3cbac05dae306888b69bec3e0bc61b6e5808333d,280b63a7bb33199ee34525fb9b072b3ab4a3c603
b4dd62ce4d984c3c34cd228b180707ae8ab33ec9,f48aece3b3039725993fa6b638e86b2dec85d0f8
c937f1754a70560d6828529ae94edfe0955a3509,03981a424c9da7a2e8eef015f29aa0143b4787a0
a9b091816c74c78746109d5f2e565397c1769f34,53b624f84989a52d059a5124b7041b1fff0d2036
8d818344b69c59b6fa326993bea926dc05d15d7b,5d1d8e958301494892b2674253eb0e4a2a08fcd6
86383f23ee60686c9249a5b9bbd2b1d1cf9c4259,1e7e3d3a14263927e4a2f88ee15d5756c4f6761e
c1ec8abff9ba66fb6427c0d7bbf437b7cedcc33f,e3446dee4e6ece92eee7e1f45ed5ac904b281c39
9be5a85e874ea9ffbed005f95223a4725e63d19b,aac05a806496a24da98f11fa9a4b876ff1f641c3
63f326c58d76ca5c67991a4c64c1f6b00b3dbe82,b57e9fe044e48974e99812387cce0a5a9f389079
2692a9d23b6b8db857dd04e0153619103edb7307,b3fa4225d5164a150da3b2fbc5475acc64ef7b0f
37b27cc9402b403a1936ae62c3475f1abd40352e,554a4f85013c1f48e9ac40988c7634b6c5c2f929
d77e241b4420446c03aab2a4d17a0ae66040a02f,d3263cdbddd65dcf9ced298cdec6284b1d14aea4
c39fc1862a4733d752ae522155a4dbc3c62e508c,8b893488a42d272d4414c3e113b59882a3da3345
716716d18baabec61cc1e910204fa32f433583e6,267fca56dc65079675d4169e9611ade1db843aa2
50d94c9144db2f082951ad581f35a768990629fb,3ab76b9c4d41e5b0e2dd7b34a1eecc1c12d3c8f8
4bc91f109137a94b829f9e7a81edf15eb99b3fb9,155a2506f929a8227b0d4a99985c04f80b9a1261
5aee245b5a0461c5d110f087bdad82e9358886b4,b8d5f90a0d195be5735aacbe57f99d2aefbf4f81
7050a234e3fbf9c0cebbd1b572b93fc5ed1a95d4,063524b0fb9aa4f4aab2690600ce704353801074
5730d131571e9fc87378a517ba34fe1cea7fec99,fc08ecf6636d9f02819748a1255a12cc5e6ce43b
729504153f78f08b8ead97359a5fbbd331e30c23,2f4c646ae458f240b45c03a7f0fba78c6c60ae22
b8baaf83849060e557b243b7ec2ff890b44afd6a,d4f946108367a7cdd99c577727c23b6464e14957
b0f167bcab975e0a3e2fe7fd85e8dbcf5c4f8279,db47fac4d3a386caa56e22a63ec3e71e51aebedb
f03aac9ff7ef08556f3f28630f32916abe302f5d,a4ce1f7ed788b6388a70d8225aaaad5a91c38f48
75939131e708c8ebccffa69a3a17b7ba476d9e00,cc13d17fb8dc1cf2ca436e36d170c2184d884b4d
7d4f609c9b4b36c4c1df6bcf787556b10ce3a58a,f4f17e87718ec213812be5aa017b9464da8a6e3e
b3be911d1b43991275b09abc85092068cdd3ea07,1b20a4a392761677fb81a546e40eeaed773d2b8e
a39fe318345fe1e1ad50f5bab40b911ce21d5b07,224e3531f6434602444ce269458f9ea895cd564b
a686d09d18672aef1566c194e17aa142d94f2dad,e36ca1fcbfde0ae9df38f3b0c3409caa9a1cfbb1
4881768cbc498615a49c2661b3f2099def436926,78f5cb2c5da8e086e01ca325d8627a5156b84f33
73029f10aeaa70c8e5b30817c65a24b6da267231,d81558b5e9da3bd9c128d3cb0fb4125a73ed982e
48aa72c47b104af6adaf92ef19f3491f3a2a5a91,07e5da51b36c2a90a836cfc66387717dbe923065
ee76372be20e5291c5147005175ee52db8d253b3,964ac8e738349b17f6feab435ca5db41eea57a47
6c57fe835d7f15eaf7d19063c3fdedccc0aa485b,d71a57e6cb5bc057b558581077b9c5c58666adbb
43071b3b61d60c00a1cd953e9b148fb42730583d,b0e895f026500d2292a368dd5fa7c88faae13113
3450c3318c2b73486f81f6de08c5e33b8eb63ca8,52e9260fee9c4872e9e07c50c0b123e5894a69b9
e0c5a49edf7461ce23029e51be9b0f389a706286,3078ffd51f2779d1b4cb833e4e1ef7da5b2b0c4b
8ee2836b1c95dd565513020f3313b0714a54ae4a,697c09f9cc6c07a14823563b384717cca0fe7058
41d17b141d46051c7c8c96e86835842956a3cce8,c03a3cf0fa3840d786d2a883cebfe78be7f6bf60
7c90a1e5a57cba02ea1b7a0d041cdb58f2a9e6c8,928b343d926ba6f1f95bb9e58f404f555392419b
e181165582aeb1d5a13817fff948a0f1be7ecc1e,85c60b00b3030ad397b5fdebc88dc50b0defc8de
09047de9027752ed8ab0b188c08d544657fa26ce,048b563850d8c85966d051cddf27b1775e122c1a
691a75e154752af0c205464df39308b5bb98c45e,3507a1d88b3c2995bffe749436895d927e08b00c
2b25b9d108bad32eb6ec7c5122b168cb7934d7f3,9aa5061546112bbbe69f8b2f7306dd4e954d3694
30d75c1f3c74d4f4c12d6b030f31aa4f8a4a7b53,ec7d2b6686a9e41d95bb6274eb729f7b4516bebc
0ca8521008468be4b3aa62338a71266bbd0226e8,c283784a6b1669e648fb2c866772b58e239b0b41
8e4c206acb79f2972eecae41c4b0ae82045d4207,4f8edb6edcd726f4b7348af4feeded900e60c8bb
851ffbd79713ac2310e8007dd2ffa909e47a8ca0,631fa371ee9be63e77c462d85a61bb9d40e28deb
84cd2a6a4fe3c73aca845666454f04e7de2b82ee,afcbe9322d8ee27b9aadeb043055d7c0b375c28d
babf355b3937849c43cf46af3544b51637ed49c0,a77b8342948db92267b28efd5af44575ed084ba3
8db0f35da72a83ff37e3f3d42c7cea4f0e5dcc4b,d2f06878d928e30201522580d76ef612bd27b919
6ac5f94de870210f1bcd1cacd188240019be4d9e,1669f6bc564e306f24f3a1208c529515f6b7f751
04433005aae748e2e19cdb761c5af1515b94e649,759007bfdacef0f1a37fc7bd9ac9547e83a8fd92
d186104a718f4d71fb2afa82844a93d4436e8aa9,14aabc0c45e3f6b46bd1e2f4f16b83939ba0a78b
bafd385fa6bdf79b496a2b81b730f6da5140ee45,0aad8768f7111159808041f9a8b99069aa979efb
14bb692b1a8983f72414c5fd2330b36b4038ef46,c8d957afe2976c6847e6180da8ec2c534f138065
60ef6ead7a818e52d9e3d2f86f76b762ab93440c,90fbc63a7416475d21bb687cde7b8494fa44aa17
23a194eb618c055f9c7e508b4b3c08d8ebf34c74,77a3eefccea36f1fa708bcaae07436f021da6b45
1267b5f9f4d9ac560fd5dde40d81aba06944e7b1,539d30ee9d7a15cc2cfc19f3d7b56f431a2a13c7
6883bb9bac4b532fd5c66ec7e97bb333b8016400,aeb1a045fa9494cf462e6e66f1407f56208c0834
64bca2c147977c556747fc8405308843a771425f,a17fba56f32163b67cfaeab8dc8abfc1135265dc
3b0fea547482b9a7e691b66409956f8d70e9628b,c9cb5b15e50119a936e8f95b00bd90d92bfde5fb
dbfad007d21fac49f21eb9fc5383ff73b850a86a,8617ac1566e1653f2e277f88e1f4eee1e94ac271
3e3f01dd8c793fca65eb384887c8171b818a78ff,99edab5fa25ae4e307b0686bfcda75e5863a07b6
f902eb719c42478683c05588e633457a5a0890c4,77caa4ac7cb4c52013ac24858274f760dd49118b
de1f8cd822f302318a681f9da992ff9ca791d7e0,a04076bedcb929f4575c980f46d40fdf2e1b431b
8cb12d394a10e0c99f6021d582f7022ccb102486,8cd5da8bfbdda07ed81e3a2c9d70934c37461a2e
b8d4c96d6ec35424607037d1f20e8e63839c2261,5fc75cf2102e3e321e132f828a96cad958fcf963
7c2145fad066f2701170a631e510d619e72e65b3,2b7fb1fdfc1afd9c06ed39df15818a3ff8bcba89
f7a45af05699a2dda674a71b5cfdcd0696cc9e71,6a3fb2c30d66c5cb5b498e867bf5bba4ec008713
16885a3a1c1ef6f18fbbf04e44a9a2b54a532c3a,ae90d2d05998863b65199d600b82dd23c77f7372
e7320013cb3222fcbbff9cda9f7997ce5cc40565,863844779d1b57feb077d0fcc42a465645c2f8fe
13bd379f34f96aa036f3f91b3a0723e5a293ba6a,228e89845abc7c1d9c9accfe1608a705ea7b07af
bc23103f9637d2663d76de8bcaad8070d54b2c09,b9fd022a2b453ee9672b9c905ebe5534301e665b
3934daa8da5173bde619c9281ada999e1bdd99b3,d622d04cf7f01a33c7848d731b5a91ba225634a5
5df07aefbea803e6f5a37db2018c1bd9f8d4be4a,1c12e8fc33c4ded28bdc9d0e9eed73874a49e6f8
14185676a00c46464ddecbb3cc4b6a36faaec9e3,a5d88de4a7ed323ba173bb2470e4fac371c00502
63dc8bf44a625c6319460f23ee34a1569da7881c,7127c85ec9c319c8b37afb5989bd1efe2952a4a5
aec6b4114d0a636cdd5b79a306082ad733e76aab,44c6d8394c57ad47ae0c31dab6e62bc57213d508
feb96acc55018b89e53530dbc5e753e3c5e89bbd,640141d25d9666dadfe8873bd27ffb33924124ed
595541fea0ee393f3afe9590e35c8835acb4fe42,a5008c4faf3529818cdf95c0b231c88d9c1471c0
a6c08e7be0f5637997985edb76e9aa3fd11afaf5,bc69058473651c96fb8f721843923ba53e05fcc4
f5e03930cfeb95af6b14f2cbbab754895efad8e1,ab6f98e7af9f1714c6f28ec05d7396e52f1f2451
403ea223572d175bf7cf4df5bffe66279cd39f98,76d1950c3d7b9a4bcab8de61dbe0a57f5ac7a05a
cf292fa0c8f3f4cfceec47d140cefb00dd8a0dcb,c1fba33c03def04013d9c09991d28446f1067a1e
9e3fb2fdc1e978f69591924c8dc46e4f4a7df951,ba5b0082300253112957ac613942fa579bf8f67a
8a473591f482f348152923408601e287ac9a103d,a5e54147f4bc295f4c600ece73aa258361c51e3a
5ce5ddf92b52eb5dfb2af3fcb113db624d0411f8,1b6b30ba890e60ca5854f6f6911834a526fb786d
aa1674e625fd86d639d619cf6acacb13bd7501ad,4541d6b4cb08e0301db7380033a0e74c2f868cd7
d7c659d9893e3d94ce1581da86325b17ea3cbd6e,b66090ca0d36825ddb3c5405c3bdbaf436a09a37
136d64e7ffecf7b36cae824e791cee56717b2c75,a45d0b5f7ed3437446adb52687a658a498d4a9f0
7ce71fad65172be2ec96c3463e23f35a42f7c43a,4d7b27d6b66edd1d082c58a915879fa98be48b59
5d8dfb1346a34837f5e3db8d42a749deafd091c4,bc343c2e0a5dac43c4f03ca76bfc04c25f62eaa6
a7f4eea077e6c3f40e385fdd24c85ba0aeab905d,321586792b842c106cec324839889a9e6297c51a
27a9debe8988a8fc580717d8adca4f72dd55c880,422f51626db378794b8e4150eab1536c63969a65
cd8911382fea649acf9e9b8fbe5adf2b06f3fcc5,501ebf46dbf4de3eeafcc7f0884c708522efc082
a51a6f55af1c93504030e489282137fc2bf08c38,ed1a1b7ae4a701cb0a61fe02f542fe633df4a569
14572af99ccd246c05c7854fde1d410aedbe5cd4,664cafbccf2583127408ea2cf4cadf51b2af3ab1
74a1e765b466b010f4f021ebd57b5faddb39ec1a,a32584fcc92db2eb1d43a866780be2ee49e3009e
e1a1a62c8cbd5920f879ec54680eabb3ec6b5488,846b900b4a6acd8fb1c931bee32bf55edb4ac909
9b77d5e638b9b654e8e38c1546e59ddc913aa66b,7fa17be1c61cc40aefbc8ba816dde028eced7867
b66aacec76e66476c220896b2004ae8034e2a113,1d38d74f9a4a9d417bf4bf6c64deb2db6070b88d
2c61b115cff3f7a1a6cc981227bbed52a0695efe,e982d004756f0b3cbd40a73b32e06a9fd5207c21
eb9409dc5fecdcfdfc55b77be9e3642c78e38625,b34e6c32c7ff75fa63db0c413d636c6280123f88
4e04f895273c084f679bf6d789857c2ed6bc0f8d,f83c824b033f42514e6c54a042fb29c8e1f2da26
6f08640647b22bb04d3ff636b5b9e6b0cbc2a815,8fa5a1eaf9b3b98b49fc389110fba9b2ec8e5512
6f28b7f3b8750eb4ecc7743778cb074af23f5591,8c353a500e3172cb83f8ee75531c3fef44507b75
5f23bf9f532efabcb7fc489b0748258f6fbcb185,e4a88135b800209d2ee01a28798b4b8bdd615aad
15737c8d284365fde7d33dff498ea2650d79e8f2,47a9e3e3cf6c100a6c98427a6f04df006a1da130
6bf1c2e6eb2d54295bf3779318ffc00765c65a5c,90f623aeb1c9c4cc8cae1b2c5592f5e0daafb9ea
696a3b6ec3d3714414ffb0ee38808dabfe0d70a8,801dfd9d72751908207d48edaf80b682675094e4
30a60ad8868294a0d1d8ae77b0b7910ded58d645,b3fda887e27e91c17fd12adc8a4565a1d85ecd8f
eb61be64853153f194c349826d52df27a56b42f1,4b70526f49ab9ef1c6eef77921530b8134001cdf
8ff0e0cf8326a3d7c44d0ba023e0c04dacb66118,6dcf9cd7c5e7fe6de0087aa7090e044c347359ce
c9b69023618297037bdf9f04a90c6df669b9f137,d76fe52f9a24e406a8db21a5274a8dcb1bdd55a3
4c13d3d687751fdb27330b394732a3da1fa2bb43,47f98993bca5de2de01d1610a5e67324f3d0fe8a
6f55a6c5f0673231b5ff8df56085d0658a12c454,f1603ee664a21554ae5ab3a215818acb5c33a8dc
f97ccedbe91e95b6ac9b8d44e5a25a49241ee00b,98238838023ed652341f99dc47f5442072b53a28
a5c938bc5b99caac731547bc0731e6c4a5f1d4e0,24d2eca955986fea4c640d025fc09c49bc7324ca
d53ce981bd903bc73043b89aaaecb078d7f76138,e57b4a5fc3641624f777b8962b35a63611dfada8
88932a9ed198f1042779061e2e36c04cb5db6f16,b983770b78244c71f8cffdbe5aafadd917f98985
1287620cd25f4d8ea196417c88cfd481feac005c,852a1572457842003b00e10c69536196f635bf62
7e275c7042443c95462e97c2a04d217b34f32600,6705708543e6856c5cc2157884d4daa948b90139
165a546c8cd7f2fc465938bc342567e1992516ce,f500b49ef82187600f22c7839cd608e94de2c281
b31c5c0d7f2199a3dad45257b94143e3cbcd949f,00d1548918ecc25f8bba75fbe6a213c6e378a73c
89d341a129127487583b0dbc36437c76d6aebd8c,0906443b3dacd8de5c300ba0c293d60f6ca088d3
770c44f7b56bf0738ec92a4e0d006f40b00409d2,466ecb0c31bbd9fb97ac93a544da3b44da512646
29444ba0646bf1836eda64d4a5bd75023754cf18,381f7dc615f693e8270555f83ae0829440751b17
3749f6b0f6171432aee8e9bf40d0e0be4100fc47,57a3653a613123dd6c3518398a4605230b921392
fd9ffe3e0bcba072296a021e1942c740faaa705a,4a5820ca06d4825d18f20f266a77c7167f3fe741
2063151f1d56c37294757e030a51dbc2bf68c867,9ebe227232228b019c35fb4caedf7bf2d5ea349a
8ac6a238a37cd9d9af562ca1ff1fa6012f37795b,16b28fe02f31437296f1b84834e399451ab60df5
13512982fdd299238558ce21dd07a300e737dc82,7a812b93e4f32750d6fbaf7ae8849728c5f89765
a923bcc0ad6a8a0e7829cf85c473c06dcb820058,c70d6dc11448d35f6364066cb81826e7698835bb
01a8d6a219a9d0f67d81acc351383119ef52fbfa,d6f2b2f5ba6ac0b5c3c02665592c3a1952166c90
f57f5274d79ee9c3cc40114530a9204a51f28297,602ca211cea80553dbe7179646791429de487da0
aa8186b00d6fdad2ebe47f86e602a38c5e2b3816,a9d37ff41d19cd4ea7da6e6c04c919185a0770d4
f7cdb57208ae2b4021b192914e17d73b5337330d,2def47624d6c43619652a6ddc33b6159261e9ca6
f14a2f39234a03db4d612c3f76578e87905aa743,1d0254e2da34c5a6dd69daf13996794d23ea9a83
a81c3e2b8e4354bccc266d0b56009822f22dc2ad,57145f9c03e98668169772e778f1e6b4aa63f831
c4f1aa10c1baa8d92b0652f2530819dba53d10fb,ea70fa620e338262a94b1e2adf37b1e404bde055
1485042786725fc2a2b38bbe765e694b1269e67d,f1e8a99af706b3f27eece352087331364df7b008
e9129006b9849ba9b0c9db1ce1226ed1e82b6931,37f1514fc0070e0ed53b845a6ab6ef8746ddd3c2
e61317016d0b35703973e3e5cb08724d612e367b,e7dc1ebea0a0d45cdb315b225eb9f901f7770fba
7f106a0113c37337b4fc6aaf81016aa72c78938f,984258dfccec377d4e03c86a7a616ebdd324276e
8565691ad6f5bda103db19f5c0368f9691aa576c,5f54285e3c143aa2379d0a3cf0f1df8392d2ef20
eb9ce984673e906b7a2a45877b222df90c184f54,aec11efff22d165f7517f58414cc319fc5e64bf5
56dbbb6a3bb70bb7763fb6f28c85d4bde1e5c87d,cedeab7aa37954ad59e10be0cb68a56437a9c066
a7603f9e1783c9af5eb7ca1ff0eb331517bb25b4,17cf31416f845a8018e5c8cfa14d39bbec95f299
9453742678f090db379bd287beaca8b4fd81eab0,f730768604d52878200cf700d9166c7a12266916
2f20ac521fc87dca597efa3f096637a0b80393e7,b61d290e879b178915468e79321ca8696802bead
bf5eee78c049a5b4103a5d6e4e0c49b3e94881cc,1938b99f9b5212cae0b773d6c4d8e30ed78aaf80
c70888f5c874641ee698ef85313a929d2fb9d04d,993d10247767f6f456f8dfa0d2bf3e587c57cc94
4e21d67eafb2ccf19411b9f9c923ae960d6b1410,1b2ed70f8a403f2c457b86a8d8baeee89e11d9ce
4ab9c8cb6e14a3478982992b14a0cf771fbf7807,736be7549d5e8d1efe704ac8b10139b187a8e014
fafc9b2c38df878524ff3a754e4446d94122de41,b7919359b183edb6695c8b8fe5e1686a06eee405
8b80a794ea2baa729406f8ae0becc2264c009a82,10dba09440d0fcc6ff3e5b13536466ce321cfb44
9f00c6f567babf4e2b4d4ad2345082dbe267dcb9,6fa0319fe895c2ee1b7ffba7c4d65de8a5b3272d
63f30259e021ed4747fad6dfdc9d7566b3d7e16e,166e4629fd830f06907259bf029c2e39cbe9c40b
aff7c5ea703aee4fd47f3047e995343674d35857,4ced323e42c22dfc2c1a759a894a6a58bdf4b0fd
9bdb606e945c29633e2d0ba2b861228d4a9c8059,5f1647cd9f8387ad51044521bf1ca78d053eb237
bdfa68626e1f00133d44cd6ffa6f159635f8c693,1a57d6597e68385b80542f38b099551191ac1aac
bab0c00cf78c056b76caefcf20ad617e49df4d1e,3a68833b3e95dade70d27bcd8960c37d16f87470
ec5ba9e7a24c4e05342412a8cefd24872eb0e329,0ede4a48294a32e26fc0c9a73013beea60e15320
5b95a6504cce36d3a493d6c930991fb65ca8f6fa,2fc3a9d600fa9bc5b0f39ae09f643d98cb61c496
b1c3ef5916b521b61c0944713f65d5333221a161,7872607bb57aa4aad1ea9ea9ed1d80c0755aa110
b18ce027c53e027910f717cad09266797c139072,7217690236bff2347c52176d44191fd189039a67
11723afb399a30f3fcdbfc98ef0f6f3dafc79a7d,3126a21e8a1f47625fc9e74622dbc54521e05006
b902e462def363b30f9e8cc73f8062533e2d8056,cbeb92ddb42c2310d7521f8ce7a932e7a955d437
2c1376ca070fb71252cfa8d63ac0e97abceb6dda,891397c7d3ef6a7420ef4cf247fe83449f8494db
85623fadb85322cbce35eaa970a68b26eaf9c1a3,df81fe5cc0eced456ecff8f2c08b6a9f9d97d26f
66c3737e00fe7d24522b4d6794bd268a09be9f12,972fd722dccf67b9a314da4302c83f81c3e5f98d
dceeae6f59a01263e434d0f65b45d9fa3125047c,f42ac3f5b180392c63ae884bf531e15523805e04
937bb2959155d1b584c7809c96381ded1ecf5386,55546dacd68828314f2b9ecaac402e7fb10dfff0
de44b72c4ee2b42ee34c00ec96dd045d596c58a8,fba7b3270f1dac155d93b98ee5322e3b939652d2
b88a1d5cad7a935be756e0e33e25e76ac4911beb,f8710dc311954aa44f2a2537fdd62871005e61c8
349c4d094078bb9268b52c4c89a88392f3357741,7f76364c01a475e97c0aebda38d190c43031afdf
ec657fa13432936eb923f2c2612366e11c013c5a,cf1e26246894f5eac32647718d732a518af60a71
cc7b83f6ad96e0ef6a5c3944e336dc2bc748fbaa,d5def7fa34fe3ca0f3c086a551da51122219798a
2b9b52e89b81f4c307db9d8e0e778fee85fb8c73,28d2657d1fff48f30d1f33795f39be352588ede6
371b148a9e5a32a6dda871c7b42bbf006b6b6f71,5075492bf1f6538ef442d17e8383e6198101394a
0b3ffb206a8f10c43049a4e847f62a4175b43646,22bc80f5fce53976c6809f874436f1583631054e
69490c3d1e7dd6da193d6753461e69013ae811f8,45a49caea8800a5ec977e301e38a1a7d3815989b
09760caa3a58efccc56e8a6ac8fb036a02738836,83717db24b19a1c419336852b3188b628aa2c845
daeeacd8dd25abe41c7955ff4e350cabe4d4a324,25de3a4e56485be95923ab6749e450bce4c66356
bba4f83e50da0176f2e4626f8245781ae39dc16d,038ca9a0d3c0a079518776bccb0e12c3bc6246c7
1617c1dd080539324b661427818a9734efd65cfd,f7167def47af10b90dbadb785604ab1138cc1be3
979fa635f92b568e7879f625159b8a706e7220c5,045cf6d8994a47ecb36b8983d6fe14110243e06f
7ebc49d0869205c9229e08462f446b18a93e94ce,764f363615e8e1687a90e14f6179deed8d2aaa9e
750339e34f082a9ccb2297d65dac7ab4112dcd80,3eb77e6b624ea38595d908df83a10f6e2dd20580
be82f22bb070f533ab775480badba49480c4d0a2,cf54c1fc4307fe28ce7adf5173cc514e87501b39
28825427bee5b712e3b8a9522f1ec829355e5b50,8721667129ed5c5321008ac4a82aaefe4aafcfba
8cf576f7d1ce269063ba69f5bbf450f9b6564158,998e78bc89236d9b1be076720fff5a8ca9f46701
36f785d11ff4910906d143ab6448cd9b29645cf0,a1c4202e6ea3234dc81df55566b0955f7b0d45e7
b72a758df1c706f906f49d8a9232e752c367dd8b,3ad40eb9790e793c4adca193adbdd0b3e989ead6
4e40f66320404c9437982b961cfb20dbeed2eb70,23536ec76b167d5961ee7489c30c83de37b06be6
c6d281d1da93c0848fa4a121850c158202e16562,34099403cd51154e88ae5ecc26b666c5ae290f55
eb80cdcc0bfb40a49047506abd11ba7ceaec81f4,032f539bb1aad11d43ed99f75acefa66130c355c
b62d29178882835a29f5fbdd0e4cbf6f8586274e,b304cb4c341a107b00007f49c5e63c72ba46d316
24758a8126b16867af88bd785d8aa8521a37dab7,e98c35ee0605e6dbc5b7cac5e6ce019fa93052ed
d0a041cfc95a36c12163b67e81e04bb0a375eade,2a34788d803e57b557be28148f060cd2ff2417e5
51aaa3c367bf04122fa54965244f5c566f284f7a,8fac1f3ea5d9070ec92c23c0cf76bc3cc5c74a56
5a4534a4b12845e12254d5d4862b280ee3979285,33eb575866b8e97d480df713a74b6f08dba6a898
b663b8aa48e8e8486d74bfea434671b740c20967,5add628bfcbf63ee6ccaca402a6f7faec04d6463
53655f7b6e7d736838380e28f153ba61882e5df1,44e1b6e7f5345fc747b182a2c44054fed3780307
2dec807211f54f7c0e2b6c8e68a1a5d240c2f071,746c07e9225eef0dfa62daf8c30bc4199c65460b
c037bf2afdeee50cba0e8992df11252f37cd60db,b6d4c67c736c438fa7cdac1aa2c60d6868cf828f
06b69492c6d36b8c5496330c173e0d2015abf172,6e6d0d14de538911e3eac933d7b9a1dec3b551e7
202fe6cf7758618d509311bfdc36f4c463e5795b,3d296c4f69e8b03e24d776f44e5a406f9c27c623
63c99f8858c005a65e29491b43fc70656b9f0e0d,5e9884302803b1d3c28953ae6d721d2c5bf36bf6
430993cb285e3be92c0961c37fd5de01f7c98a6f,8468e289adf41a29984a7d68fa01eae45534ed09
b72d25e4079e9249776a72da18b3be009603ab06,ec9239981a31f5aeb6691b57c8bb724ee78fc045
5205d94d0b421ca4be79975abcf6422c335a89c0,f1392776cbe6059a6e90d28a293789fca85e6d96
8da49bebff3c31f9344be61497d047ea3a9a0b29,653138356d1342fefbb50c6ef2972958124191b4
91000def532aa3ee8affc5ba59878d7eb8fdde9b,5cda00364da6726fc20f8fb85e5f6fcb1abb2f61
2476527e5bc05fc3cd5ef3da9b52058ddd249930,2a8cce15e80fdc4c19734f0aca2860f140a48ede
b7c6073055ebf40617465b766635312dc405e244,5cdec7146c263125474eb8f0e7ca9c9dd76448e5
a5b2132671a97d6a17d3534e37b17b92222c35b1,f7805a74e80be6f7fc36ab2a275aa2116e52057e
4316966f1936c418ec90a0233670235a7a2ce4bf,23661cf32ed9ffa002cf0c38395710eaf6bdf042
8d0077707103038e5db640160888c53a94afccb7,297773eb680d2fd955c37e6e9975fb3396e6440e
194affebb82c9d729d24a2733611e3871f051f4e,77cc14112d7f31b855068edcfc1ab07acc18e070
189f4c23d3b1e51886e6628f6b43fdf463df2cd8,8de2ebdf56961e9d8ee81611d2fad85d72fa778b
c197fd692a0efd5d680896e2ac61405857f22094,f1dd8f956fe90a77418684b3579645e4bef00295
6784eb1c0ab74ef2241ee554fbbdbfd618527f56,cc7bef3d97e90a4386ea187475dc77149ec2f7cd
c49bacaa0be769e4fe9ad81d84549df53e086390,86b7597f14c6ac154bf356d2df077e01d23773e3
afbbd3a610a98e844f8d0800d236218fa098db8f,f51b834dc8c49e9dd8dfe2bdb90798bd655ad2eb
d6186ce9bae64d1015bc4dcef3d565c524e3b709,3cd7098dc4c1a33722c857e2ef21f9d833dfaa21
b7e1ee9040b832e60067c408cab2c44fee20bd7f,4359874b4e912d4303cdb1119bab441e9fd01f9c
cd650d2579a88912f665c56980c83822b959b8e3,4f6ae42865240858285b0da47e231bbd47865aa1
e08063114eb9c04339addeb5d272bf20167ea4f8,f3cc638dcdf2a4d99701902b0822bf8c374357ef
db0d15202eb784ced68757ebb8f4b63721e9ccd4,ca5f6990635df3f4221469d5fdfbcfaa9aaba455
bcf1a79b720f1ccb04a372bb1f2644a0543e6c9b,a6d5b933637e7d291606b495150070983c6ad926
4d74318b73d229a737545d383a43428bbeca9610,406a457c544d7fbb91cfe95090ef7ba79c827362
394f009a39fcb20d44ccb5f223aea2c0b78a142a,a0d68acc810647bbce35bddf67791d8cbf002fcc
ac1672beb970fee6af73c5cb05eadd2bc5e3cba4,a8db863df5edfb83ec259a04a5697312557cec85
bd9698b729d26b57c447eb957ca842f1f21fec0a,116b605bc1ecfcc1088393ae30665fd63df6859f
b7ff438ab99045fda65963de14783fbce8db33c7,11ab53a7f8a868a7f18efbccea5545335094c22e
d9131272d0e225f93978cc1c3de33fead3aadf68,edca03b1c581007ea3b772e5e9e1d003926d873c
854aeb361cc19d0f559a298b8eabb215935bd22f,be788ce99128aa256296c88e67ed9b3dbb2ebc8d
b9e9fcafe171b826b714c954b8d3505efd581e91,00663d706d34066e2a99c57455eb3fc035bf03a7
d31cbb2c774b7a0c7bd46ae999ef30e17e0028fa,b622074b93c2a1851d440c253cfda565a47554b8
3f2736cea9ec0ceb51b9369e2a3f9786d92cac45,c947bdb469c558b52214c0d5ae5bc3c4861784f8
fded7670ada7f6d4b89342b081cea68003dd1e84,c2fc8abe651d80bda35fefd223e1a60181b38437
f2a7c3b54214ae5d75a0b1de3ddd50f5a7acfe9c,347624eb06f979be8e14b43e225d78117d704a20
ec7cc0186f3b3209e1ef196eb2af149d5895a9c6,fb5e7a8415af36cc3de9c201b73fd7aabc2c6f51
e3f6c9c6570086efcbb50c15a310d5131b1e596b,3f66caf2b09c68f325ed2e34cf0d9c40250784d7
ee219e252a011bb6df40f6f31c30d8edef4eecbb,2a4230b5b2c5d0889add814f8377e350cf9cf342
04a416be23d2a9d23cddca024293f5dfc3504928,0bb9535a7a3ea6a420886b0828a7f700e312146f
937a06411e21fda2c5126ef58f6a2662d4a46de8,14615433780bacb490f6a91afc17c24dfbec36a5
152b51ac2f919dc56bb0e635d3d3a36c42ec7039,ef9e69510c2e115a5b45dbe952a78580c7558a43
75351a656b2c611eabc809b0309457fa90169167,8c8bbdb80826fdad3932b349dd33d03c751a4a3d
cdd87a68a826bb57e16fbd36832e6b05ca2f7877,34cd2435662ab1b6d3a52eed2fdaff8dae454651
480e77ec93e7824b9493aaee2364e38adcac3a58,a5ca9e75e449821347d185f5ed605ed3860d0ae8
99a0e4aaefb52f79698549d3f85036d2a7ce1e59,47ad6f8f3e14b0e51b66d9bba310f83e464a0009
a1bdee22caa663136e85cdef7f25845506ee0a7c,1c742d772da994ea11efded8aa60e223b4b374c2
458c6f08e42002ea8f8018c8b28c4cb26d807253,44ac523f3e4ae6b1ca85506f7167bb788365831d
31548b386da4a84a334e6568a7300639821db61b,171ff048a21c672426001435931f077e67a2fc94
d5fc863b925e5ad7a96add7dc1edd2bbaaadceda,edc54d5a9382564585ec61fc43f18800e27dd573
ee2c101a725833c3be0be1708ed00e9befe1220c,277ae9aaf25f3f99e7c56c6568159211a194c7a6
657239371da905330b2f0e0717a11cb424dcf563,5a09fadb21ed7f38a86797ab4aad5e70cb6e0963
4b81a52a4f3facb467d3c1971973535cb2b09b14,1e3ca22c6eff8c2d44d21e74d9eb994fa8fb0a57
c2aa83a765fd251e765579aee244b5e2c5b982a6,49dcf57075d12c6559793fc1e2895fef989e4d42
0650202b4b0ea8ff7350147a06352466df429d8b,76c33d554861cc8b30c768a03677a2927657065f
01210e3e761bf1c3e969672f375e22e5295e218f,b96a416e6cc9c4190b907dee994d31a0e7186d35
312dca7de9f4a81f784da21f5c56e75ab89b513e,8c7752a1d5ae8f01370476bf6cc33249489a69ab
4aee868fce83654bacf2239f4fbfa2196d648230,6c4f090abc0baf0bdd75cc55120b9f1e05a849df
261e4dc5e988adeed65b498d0cef7d5b902e3b1d,e9d0fba157b6e50a4412a3b3e78b6312b243ca93
ef151f5a4031d834c569d58b8a9bed81cfeb599e,7ec4749a906e67741e1c0954c62090cab90713cb
cefbe13dca9ad2af777c5c3c0c902b186cc5f3b4,3410ee49893b7cd0650b3e0b81894f0b213f446f
0f24f020c8a8863b49020bc13bb6afa1643e7b0d,46c757fa0cde693f8f549cb1ad0df9925f869276
d3d2da6b2bf4ec540d682392cc4e0def9fdeb6dd,c6583fd0b336709baaf349a2ad720c8ed33f57aa
4b5f001bb88f4e4e6bc762ce21811db83f6e797b,205ce52897e877ae416463026298cbcca3da4a99
7096a0e7025412bdc85fd01117659d1cc073a891,1e33eb46fbf147ad5821b24c1a287c1f091cc48a
e8aa94a39b99238c1ccd9b716e97ed753d5f411b,0497871ffd604b4bb67fd5b3de87a6cae8aa2911
99292432e661d734c6c3091f54c2ec6b65c2e9ee,39c34e5bda74836b136a204a35bca02001bd852f
e153e4e2a6e99ac562dd214717b19b2305330d61,e8704b9c271b674168db13c3c0284495d8a8ba3b
4463352e20549fa66ab45dc2a43c19e2652a0693,831da1546651403ec150d3cb07c723ed3dedb1dd
c84b20515d1e4e6e96bc1e118194d04228045b28,aa219988e900419b4c3db03b73c1e1396d426bc4
f3ee3ff209b48f41510377e4e0d2c7f90d07da63,37085b8e7b2557dd852640a98752a0dab86f25e1
8fe548fd9825c78248c733152ddd6c6466ff51c3,5b89aac6a7015e8fab311e8fb0a48d4c45e3923d
70f1856e7acd63f7a298b41a6c0d6d3f60207545,ac8e72d83e4ce7395f740aafe1ac5f185de78779
9372f02ce952bad55b1a669a7c58e0f791282955,30c5aa93ff8d4d240dd102764e8d3f32594e1ac5
932f5bf05cef4ad8b9e932ae6202dd04cb9c7d50,77e85d78c65734ab21dc50de932237b179d5fd04
6c5faeb46ac5f9d2d11ac58ae3bf9bf3498d8f17,33414a5b3419e25833657d6b84cdc1048e555bad
3bc8edf1bdd1f0f651742b93e21b5e531eff8b35,1c2b5d6872f81056bf5bedaa1f5683024b1224d8
d93f56811ad1ec201adfbc6e0fb870c4777b8470,40567c12977980607b8b110705b53e02a84f8891
b7083815e732dee7bfec7c3a2e53d4ac391efa62,0dbb85db2ac9d3aea87a1214938cc43f95a0e68b
161b0776f139dd2fc26af2fc12c0c56cfa8043d9,81469101091eaf917bfbf7f6afb981a0f5ac7fbd
228b3cf8e9e4eb94a95f8d1cdd2d01fc18027a1e,4e50021fda4ebfb649fa6d389946d5828951a6a1
c495dec5298ac2ca20a55028a1f204b4c70ccb1a,f699fd795a22f418905ef7f648f8a8ea5ed9533d
fff50dfc497d5eb7ad93bcc51e359432e9cf1580,ffbe06f5aa455a33b4d816915a0f944606750da7
b57fe6afc902816b99fc59ba745e8f28a5d06a1d,4e74cbcc29fffe85ee5695ffb57bccc2fd294732
06e19081350ff1e60463b691ed69bb1f9f68e1fa,208b667606a7485cc4b1ac340557978ba92fb2ed
db4ec1142b61299d99f99cdc22ea0e83b2a01bf1,a909f70a520766fb4bd58a8fd3f1d465c8f5f331
6146b405bcfb2c0432d02d973bc9a258f0725028,1a109cdab18f0f8318c1742b1ee2818485610dd8
bddcde412557ad15592f9d1101f83fbe38846ea6,f63d170cc628a75ccddff59d2c31b1e2038d2a74
9e499a0d095b76665b67dae462bb0a544dc6a9b1,2cedbc715c16303347fdae2305b44016d6132fe8
7c0cc27b8397e39b79caa314c0406dd6eb5d547e,5cc5b4191e92082bc8d60f9621d2eee4b3a7fee8
1dfa3b020770d5b5f6ca332dda1cf3ddd43acf68,644e4b2e26b0758566e523f9140bc184d16c8f56
be58a4c5e7cc8a1d7b23c6b07c2f122be0d7975c,6280554b4c43a510cced47fafc6c3274390e0f51
096ade1ee4e5164acabce2144eac721bfb04c362,ae401574ee76a30918eb470a662df03be51e1653
3ccdc1cc582a43540bbda855c04021a827f608f2,c657515fca0af551e9809f38a2f8381bab122fe4
f4fd6d26c751fdb7ce221ff29f7ee10154d666fb,4e3b233ce4d3bd46764944c8a049e116f559cddd
ee8f541608eefa060e2a7cb1bbeec43e17f6610c,e26ca3c74c805851fcfff252dffa34afb49adc69
77d0f4ac8edc7892a56e8d6cbbd2a37c7bb8d32d,dbf210d38a9f53611d8c439fbdabc694f8eae7e3
2343d79cecd682acd5472a9a04bbc0efa92ef837,032c41f7b76f2d39d49b8e7044041cf21f65c8ba
6da37a2afa3bce472cd7f83913817483f026d07e,d5ba82e32c9577dc5f92f7d1507f6443491562f2
5927342ba975cfce9a189ef4aa30ec817d29be0e,03d3cae81191134790a8677c48b892b1873555d6
221717342c54496557121b3d595520863702a946,d8eafd2c62d65c1c5f98062997fa25eeaf049ef8
b038cffc3733a91483b5a9a05e3e5f7aef46eb72,a0a357520df83c3ef249148a18190216a0d50244
52cc6144f53c3832475299932821be976018dd6c,4417603fe04b99efdef98c7b9aa2c7b90dad903c
782822a97960e78139daf8e6cc637fd3af1ecdbe,bc856a4ecc4917f28c86864746232a07afd30ffd
87c699b36b522a97b4eb9f758eb77a03687b7c35,d54a5fe83aded691feabd1d4672b525322b2bd61
9d3a3f1bbf3d68e5fda7ce89d454e4090b51c4d2,068732e3accc42690f1a7af6dc6fa5a459823714
694b7b82cf6dc100f2fdccc979bfae23818aba83,3f7c1b0b918da04a11b5c73829759c931356ec9d
98301b3d4e3dbb204d232e677327f9a7e6b406fb,d183bd20bb7cca82cc5a22edf01fd5fa65d08749
500f2d4fbbde9ca22c1fa877c0f37c60967117e7,81268a7fbab2f064a30ed55611e4b97c8895f2f1
e6c4f90d6052460e1f096b7fb5cd25230082670c,ec7343c28fffe79db770a6419cfbedef93c38031
66d2b99db4d55841bca60d910b35583559124569,cdb458a422ac1dff4fe09831c946de3fc6804ddf
7511990e1cc117c51b2a476e608bc9f8a7aeb869,f5ce583cddbcfa22debea0361d5f69174bde680a
50e548a76aeab0b7647e22cb048841cffa8250ab,f9e68ddd55d8c1f409e9580cc64c2812317c62ec
4291e118eff688b743025c76684a476e37b9566d,ef174cc06cf139fd06c1d60f4818d6d5aac47eb7
4ef43ba1c4c8431774ff1e0f9f122bd71cf50fe6,27694ef7c89f3f4de48bf004731c65e9f7df03df
d1a83fc853e295c595e5f846b9d63a7eec5a781d,0c1b84a5fe49b0a3e6a40d32ea21bcae948c3843
0d3b68d29d111ecd43b2ee332c8c75a8e067e490,ebc3cead425d1ca66ebd827cdb32be8e2f8fcec1
530b6f575d61428a3700a96b09631ca1c2fe90f7,39c73de2366b873c0c398528440f09806e4be3e1
d8520ca2b66ea9a2e7a76d6ae4a81448344921be,c793ce6d6ee264b33d78bee7aba6016cbe9e7218
41da059b99898e405424325b283a877672a2179c,870ef4a73877478e893de9e26383ec9c1bbc768a
b444c2a2df60d558877fda7f8f4652602fc6ab0d,62811ca9c554376421954f589407631089c8d28d
cdc9a47fd4e91ed17bdf329709d33e244b95cb41,0a51b6d89559aba57a03808b5ed1a3b6babc89d3
630237cf8b32600d014e7f34eea7f885e56e1b27,76e1a8c6c6eda9d3f444956633be28dde4a50da0
d7f7c74ef1280e3f62d69847d9338a6f0edd8ca4,7a3fac7b5f9a7e7e22b89f562a9822b6ac9f4627
c9f90a6f9c22e3f5af43dae9d25b68da11b3ce71,3403f286906a6b71c2eaaacb1db48f5af2323c7a
88666a33f14074d1e7a96c0b53dd14039fb5a7e7,495098f125adcc1e39fcdeadd79922321ffa0fc7
9969b3b69336b6dcb19951ef223c9496ce8ad2ef,1d8cae1f01672a969087c195b30c113cabc5f3ec
27d8de1ca320ca85081eb46bb564db4a8caa87bd,d50f56157760fab77ee00e9108820f7e43b12cfe
204eae61e551ab37e4a540c3155d3809613245c7,8ff99218bc99a3158fb176137f6d22007b8d698a
b6a40901661b2ee9573fdfe6dffbbb883b24229a,b8ac15ec5bae08725654dd4d24915c848caa3686
c03f05d73a3f4a569c458fc5d91e70716fefb176,c46986e7f319616ecf9d91edcb5045322b07e3b0
80fd7347084bbe7dfe51dc34208c5021e112ba3e,ae52ed576be230c41517716610bca5d5794da372
5d6e59cd742935ce6ebe95c34ca2f475e859f402,814b2515e31bf14ee3d80d03b8438d21923ab10f
b4112d7440603e8dc15546dcf24468b4f5dd7ecb,7127f33ff8b66e3958dfb928145db65c05bed1b3
0a1fb4bc579d636a5f41abfe6faba4c9f5586ffc,659f158379de4216fc1a6a1e423773374805e232
ddfe4fda1ea4196689658c92602291f16543f53c,3aebfd609dd2c06c0008ac8421a9cccf388a680a
0ee718ef18836c7845d4c011820a9b74931004d4,50c3310b35a981a7b4a34621e9bdead98e9c5be6
bb726d3522b7e4e7234dc4f0eb27dfbaadb35d5e,6074b58a24fe09551ba97e806485b4eea144989c
79328965f022af667e1c482483a50df874b92128,75415dd5e0341e5e912ec6880d1ceb2c18d22e47
6c350e14a6054afb3edb6e7e7b9ac6f30cc082a9,e606aad2f20aab0972b693e8ed67c30ef09874f9
e274ebc4c91549168b96d1b90e04d4fa2b18d6c7,7760cee7427747d305b2d3b27111941b6bed8711
426b405ad0f16a574303c0d9d9fae9c1f9bdc2f2,0f35942078b71b01652702347309e9f0a6a15aed
87d1a4ed9ec2241869fd2545b0fc24b323907801,a8ddb00423ee0ec28d35fc7080150943ebf7d5d9
b514ce1d7820173fe2cd4df3fe6d30b3d0972ea9,b40f3296f74449f3e23887cce981569e1e1b9944
27748cefdc370273e8378e29446ac3e1ac53f36c,29ab5e1d294170f44cdc8e94eb6b4caa0afb6c50
305a05b2e46c7051a973dc63decdc0f2b305257b,205d7cef42086291a30b895c2d2cd776df950c55
dcbdb98eccf2f5022cd7afe55c2f4370ebe02294,c02ff429d0897711312ab490e6fa5d14db7278fa
fb807e276aedccdd71bb99fd09d93e10aec5e8a5,0cf5669c980ad2235a3e47e575775f5bb5dcb611
b8bc0aa0318f70df98fc3be4f1ddc0d08b3f9d73,be1c09b8b1e6e57aac6cf945b680fba0587789de
241b425771af48439ee47b5f90565237618129b7,ab831a9c80f7458f64412478191a2da36708d649
dce59a33c0cb42a36547b18d39b4dd3a20b3ab3e,a473bcb89c71ed62db5746ce9d3277d2470f7e94
4d1660fc5f77a809406d5d487371c787284676f6,6666b41c70d02d10676d4642977a5f33e0f7176b
2ca56edf9bf9ed6167d010cf8b04980c324d3417,70cfb002af4411f8220d4c60afc4161c49c19532
bf918c0e074528f7d0b1ccf511b2105734dd3fcb,53c28e54b6a66a4808626742c74323c46843adc3
595caf2bbc8c58db2094a63f6912e878aceb8bf4,38898caf93f43081917dcd94dc6a6b2be0917716
deb8fd76261706692de3a986d500457cf6ea29d1,388152ff3c78c4f3ca4e01690ed5ea91a1c7f299
3f02251fc2094ba1c6988ce9727480e28052f259,2c8ec1112462d3d3a50d4f5893f385cf320d2ef2
6411ee3694f9b228af2103badd7d78c733a8c5ed,fa29c2692959b8e28606ca853d90fe37d99a8864
104bd9268fe6330cdd55ebdbf4a47fbeac0fffb3,a6b719ebf62269f6453f815bbfecb0653a06283d
65502fa626f902f5dc5e11a093bf6f23bf33af8f,cc6f6c7993920d170ecaa2298771d7d700694340
233ae9ff65bb81129464db640bfed02e68ab0397,95727b76e23bd117a66850e8a6a943100e744be4
c92fc9ef0759d562d790160751f1ee8ec6f498d9,cf3fee0d2c6f8cd85b68dd3aee952cc0ebd07654
23d8b87f1d9e69f955d18b39b004298f52778cf4,b20184eb7b5bcc5f8dde0def372de0023893370c
443ee1e60e583278776b65eacc8cc8bc44a5e19a,36158943a0c050364c5043b499b2d2cfbee3e034
906c0838fa32f1836820f28e3939997c2ab214a1,2e4cba09c353f295dd9a9090ed1f5150be57423b
4268afdc6a73a2d78db5c2b9d463583f091bc213,f8165ea9fb5d8efc8e48ad6b76d70e215c5c9833
4c09b45acb8f3853eb3b81fb8b8e595832d24c91,372c967082fa19b3cb138a4df1d9b84254d644c1
28fe8f12cb4a7116ee965b9b62b4338a1e6e6d09,f4005387cdba318233a88cefa3c56ef4f7362916
fd4570c2d06c336e021399599a3266b86b0adaf2,9d9a46943d9db4f4eb69df31dc3f0b60630fc8c8
054925a01e653b49aac19a7269344c81a1c9eb0c,f466a27ee8814e9cdf566e93b10ffa60e82b6fdd
8c7662eb82c7af64a9d9e9732a7fe046ef12d143,864852237b3bfe0ae50e35dee338b20643b4928f
2c871101edcef938985759d33af2a9621254d41a,a35ca151b0f83e4ec13a46d5da7cf9d7521bdcd0
f0f4215ed2b6b07e967216e23d310836c5d2676b,e9bb4030b543349cdd85ba85fd1b777092af7910
edf01dc35313e951288f3f8c7aad433ec84dcc1c,725e7cfbaea736e2586e8ad42243e3bec8e02509
7e9639b51d621e9df1fb3672a319712be517ae7b,767fc3835951b1afd78922b9c2a23b02db313f97
ad694f70fffd02c125023718adcf88df6e74750c,9f0e9745025e49bac87269d2a7f8260338ed62ea
aa43274677a66631c573d40ad16207ff4b4254c1,56bc56566d7c8899e2570bbed94301add83a80a8
31c8565bdb98f847256d7bd6d1d5b7e3d1075915,39c13293e779563c029fd6ecfe047c88ee5dbf1e
9fb754f57b182d37799f38f37e2c1ebed4df0c99,337e1e06d5c3b711ded4d46f1af33c01ff0d82f0
71345d36b7e3e8d1813e8a8ff683ba2143f8ff7c,ea9dd67dd440d4c5fc2963ff4d515cd8a46cdde3
aaf841318e44ce28f944541b25cbbc300fd0515b,41210ed495ec425c64c2d80129d7a0da5ca7d6ef
abd7300636055a08d15b9b5e88891c1d833ef363,513c87e157a36f97544589e3ae685da9f2c85cce
b4e759fc9dc5ab8436fb9844e11e52635b09a664,2b1b6eccd009e8669a3c57e8f9ccc6955b597e1c
995e24841cba1c7dd0ef1386c082838546fe6941,715080389ecaa77c57d6999f5cbeef24e20fd207
a42963a9ff294ef45cfe0ebbf781fac13f57c7a7,563867fbbe8c769e863c21536febee617115ff1d
f7911f0278bc5eca04bbb2bd4d6ea26c7a96e55f,dfe204fe598f6ad3a97838dea42fbe7b4a7a4617
32c42105b7aa837ed824b58c4b0a5b25a73f080b,44459f2a24fd2fd955d46c7845497dd039194b4b
ee097a2300f658035877b75cbe728f18da7a310e,23cb0ef741b205f4a06e1dda34d8ccd11bfea997
e16226f341eeeed4ce13d0e7bf93ef9f715c5cce,078678b5704f16c8b7960647883094bbf85ccc0f
32ea29db52faed3b61d3b532b61d5acd28bc9dd0,9ea599f67eff2691ef895bd37c761fc6316aa20f
fc3137ee21569ca52d5670d933cec3ef87d9e01d,1cfef670b3d4dc2a00f8cdaa0f6cd42c15105787
6436341f7a0309209aead2a9ab9227974c54639b,496b13f331e19e8c389a629a83ffcd8da30464d5
04e7c830d24464cdc30446e2cb3f7953b4be4abb,944e30b1badcedc2e4169132d533e80004926a51
454321393ef9364eba21e5975aa8c60302335b7c,2d8010b765907f8518dfa3c789b03a17a6628d8e
a958aa36458d8cdcea1e54d335e3e5f23be5a6e9,1cbdf7c8de1a771d6760ae7fff63021d627ad9b4
449b5844f2e62f6133fdec80dd90f62beacb9af1,40692194d215051cdd83c1952324250dcf17fbc4
c2bdedfca5045ccca4099346e0b041efc4b7f05d,6776942b006463e49bac6978ef010e2a7e7f2e93
9c061f7fb8755619bc0f82e03cb4286adb864d84,ad3ad158bb6b74894312b66f2aef541b6262f771
dd3ddedc7dae0563a59741afc29c148a6197b085,e2fc6578d3d70a70c47cdcec686e43d77753edd1
ea454bd2bcbef93634dd5750ef1031bef54aed75,35b51c8dff64ace16978a210a09a3af43ab92076
0dfaf5abf9a28171476d8f5083f6412d3d38c676,24294f001cb6a010febb23fcb9b3b39b74934c2d
15ced7dbcce9be35707e5d5cb52854d9cd4daab5,4a876b879fe008f4eb2d9f2474b235c55bc39a0f
44b25e5458e7b344d1e2f3ceeb5aa98647fafebb,656ad362aaba47b418a499aabafe05b0847e66ae
f0bcdfb3b5dc7e5db380b4421726d2f51a3b3dc7,2700eb735ae510cbd3b50c7f84d6df86cf5bd34c
ebe7fba92b5f347c9d19c379dfac71f12f8c02b2,d87a9a0798514ff5bd762775d50369a578fd34da
0048eecefabd9b5f761f31d12766894b4e32f5c6,4bed2c5a9d59cec5239c1b4e182b0dbb0fb01e93
9e5a9fdaee8d4f5a1a608e7b160d543b458d5a92,8bfcb86bf5da3bf3dc9006a88772a9aba1bf33f5
17afba04592df829eb17812f2f1b2f5a101f450f,de51cdf27caae49530829d09eb2ccf1662e73170
1b951b8f70b810297ba6400d9b65e4605906df83,1a974466022155deb909c31c622d32828e8b4285
cdf8ce1386d682bc74dcf3bfc70bf55a9399ecd1,3ef23a863ccb48213b2636f8baaece1371dacbe4
a3099ab810f15d38fe10efd6a001899ef4c28c03,5e900c3b674d247485f5f27e59685070b7a44128
a04b9ea603db7c35bbec65fb4174182887b1681c,8d7a7232601115a963b76aa0f7a2a75341313301
c81db4cd904fc8e1fb98927f90f311be668a933a,ec4a2c0eeb9a0a54596530f45e8e5d2a042627ce
ca78a21e87968a18f0deaf7a31e15cedabb42dd6,2e7d88dbf2d611b1e47e73b8b319cf0222ba46fc
23f718788d1e4a4c5bf4a9470b61c0b26a45fb56,79a6dca0e93474dde7dd486b14aff36561851ec1
b4b996a60493316a80b1257df114dac744a7388f,0c5e21afb81415bae8a68fe0254474f38581cf2a
2ead85704c5f67b0bc899504937a62b986a39ead,a82ba2dc16de76b2980e5804f96dd0af590546d8
2504f92c04aad55721f5ffe1ba75eb51ae8f30aa,1b1d615ad5a08c2813ebbcbbc0ad5cb29acedc43
ae14d94dff098200a0b40feecae7caa166cddb5a,297c7b1a12d559dbdfd2ff9dc742373ee63d4719
80be9423584f53d35287ec2455a2949665d69e01,1e0cc5365fa554329ad74fe188c423fa806df86d
8b8482c1784ca132f479a9725ad31809260d1f0c,9ee90d9358a8b5ad6a0b4802dcfe6325dbaaf73c
55c0a00a0586c2b1125b3a4df9f495ee59688ad4,5afafb9f36a288812a933861d9ba29fb0b286261
b586e767099c068a59a14f3d538c2756beba97d5,d8803704e979561f60f4a5a1931e1ef872d36ba2
c4bd4959cace1a123d9b122d8d4a956693be8191,59fbca2440574d7947c21ec18c01db63991b5a14
ffda966fd2ab6df7f3459453689680e0ec5e8ce8,4ef64e9b614adf9b1b0d94ad42b534f317e3e640
9b7f31c822c8243551a1b5d0c44ec568348c07d1,87787a81ae5414b982fac4c778276a8271513eba
414fe767516337b7d3a9a20fe8cd0ddbeb06d1fc,bd8132b5c4363dba21e803f42c49b632c981224e
d14a041c142f1d982293721ec52b08d06b569f0a,d5bd18f7cfcf8dff79feb92bc8d83cfca8fafbc8
186c93222a71025e9f023c5404ce3cba533f2853,4d9ebff914446435af962cc77d176d7d0b8e0b25
041d2da56a99bddfbca57e75b70ed57c2cc260c5,bf85c58cfaccda9804431b0282a0a05e381288e4
d8781e445ebf9f250d167259902ed7b2dd5f2756,15db09c53d1d9dd7a4d11cfbe17b0937d6a6a55b
4eff0441b0d61c09799058207d47cdf395578e92,10f9dba4f70a81b6bc9689722071e4ccf036e52c
ccaed7025612fbea45273ba4ae12ec11500a8178,75e5fca5a0b66223370c742bf6ad648b7aeb448e
b31abc2fc9fd20ce52bc297078e5645033dc17d8,fd0775cafbb62f652bea028531948571cc0ce2e1
eba98ee13281299c0067276aaf36c6155aadfc68,d37513eaf8645aa2ae9fa5e1527d9e15c35e6950
df4dcb21611bae837d213ceda6d344d6a87ec209,3d0b9aad36e88fa1ef37dbdbb0e31c688fb3123c
a79d843d0adee2c83e4efd8cfc48d982b42b3c89,d835f09eb28996e97e4413612fb3f6fccd961960
86bccf3b93b6658e978e566b57e9a895515c7d6e,a978d04597d5b75786cb387dac144264fc7de34e
f0a96a28d3a7d83125d1946e6c4c992260ab6cd7,de518075e0cb552e0376d704a65edb418d81a32c
898360deb2ba634073a989fe93428995ba5c4eed,b7b698bd20f2d8dcd814fe0c45e59ce6a51a3078
564750c8b032dd8266aec0cba5aa665130d0cf3a,2ec94795e283b0178db699010bd1d3a1b8804974
ada2ba887999c4d9027d1e4fa5415daf73eb4eb5,14e614f8a1d74d1a4bbb3f0d1c6a626952f3be27
776d066ad2a3fcba7f107453c9b25d4459480f58,063d9298a25969aa8c17770c6aee8c03c7ab8d5d
65b6ca9b63aa46b8ee5ba07aea62273cb5dfa999,0ff437c589d17f884ec6650696a16a4fe01f1c8c
300adc31b3f9aa1ee0b41027736ceb4c46ea7bb2,b9e678742d9eb93dc70295577c378c1d1a45155d
cfba2ffd1f6e9b2bfba98dd08c8e685b98344550,a1ea25901caeb30bf4b6cf1166d4b046d411dc49
7621cf5d8b601efdb2713aadce6b398bc663223a,d1a6ba11cda4153bcb63aa8dfbf9fd5eb15df8d5
d40c6d64175291e7ff2382b8ac6887fe892a4d43,fac5763b0d5ebcc9c512a4532fda409a1b6e6fc8
4a90d2a073f3766ad3ef5fcb1e46465f64b4784a,1571c1910f3215c4f51e14eb412a999c1ae58fd9
aecc7785570118ec22b108add7edba94eafccaef,436a3073f02210e9a4d70d1ec1b3cad791e94a8d
9e912392d7a80a066e15f68db2ae411ade31d9a5,0dc0a5ed89b2fbfa85aee5df9376bda76508e26b
39ee9ff74708b6a6f01d11c10a0d78475520deca,6782650066d03aa619274807588e54da689d08da
0fee12f940ee0e3a4928726f9f64d361c1cc8998,a03b74790e618badc4ef5c2597583381cd93333e
ea029c2844dfa69c4007cc2fe3756679116d782c,0d8fb0c11220a32b16315a2d356750c5e09e9c18
016d1b775a007c7b0e6cbc27b36fec01d16bbc66,af49168bb7f3f367cb5e08e393b54e5eecf8902a
49e066560b17553954893614935f3cc3e4d249d3,f881c783a10f6bba4b71f032b2c064acf90459fe
03bf120d458ea88a8471cb298345e739b749146f,c1b9abccd98dc7ce8689b1f45d681ae7aa9bcbed
345703a2cdaed5e43a0dda648525668f913aef9a,1d3969a29aa3cd7086e82bf36b9b7eac6cb4a79a
08eacfeb961a06b093e8c95d324f5954c22bf213,401ab59f988431a74cac90ca4cc437fb0bb2af00
d3557c796b14bfbccbf4a43cc24b650b2f9c73f4,0b0e305e9d5e1750ea7774680f751ff918847bf0
513727df3776bcfb7da4bbf138e727d274cd8afd,54bf82c95c6a2c5cba2d740fff2c47e07c1faa18
596986e8cb9f48e522b91ba2e5007a393c19ad8b,19a22ddcf8504ef4b2a1c808a3b9778e5e0560c3
64c494652c7f7222b78a8a9c56e0bb022cf0ed5f,9964762d257e6521ad4218904b993d550e204805
1428e7b4ce003534f98bf0b6f9298e2ccc887585,1ea2cfb8387978bb255f163e2fcc40957d3bd7a3
da2b47b30f9cc90c2c52420bfbcb40aeac643ac2,a226bde2761e604626aa371898519a3ad924592b
8480ff279d9b5d2c225685e93c52b48a9d02992d,cf86aeed40a497ed7de1d26b55d7c6991e52ba3f
be1517cb5acc1f4c74cd083de66535bfdc12957a,90572d212ca822489499bb69f0dc18a4595b3f76
e198e00c3b4dc75d5cb6a2141084ab6e6a4ccf67,5cdaefde95fb3013b9c2ad3923652bdb7255eb49
30fe5f67204ec803af5aa8650d20890b2b906cdc,66282e1bebe13eb6b24978844182c6c1acf8b29d
8565898106fc3f867ba90b3527563037bf0b3efa,9b0eeb406dd1f9bce00bf1635f1a37aa37927922
68e894e2cec5c9a0e627680b6ce0ede470e7c8cc,6b95602a60ab08e93d75e29d0dc22993748db33d
0c45067a642e7c5bccba83529cef04d167d13e67,2af0c1897c610f73caf825a91a9c052e9f63ef0b
1656ed218b6b0c1a994a5c4816bc3a56f001e62d,99390cb33bc00340ef1cc3342f0aec5c16bc49e2
3485c3ca128639824cbe077e983e019a9da30815,c71ecb3673bc7b5e1b854dd5d7185f4d25e3d78c
c64eae630934295f72097dc1c7fb74a8a11c02ae,bdefa82a0fa62325abdfc15fb46b1d4676029fb2
26e20ebc69fd7250562b56cd1b6525da41be37e6,5ac2392714aeb9f1a1552a43c39dc98940187c3b
f3453e5a6f0bf754cb75d772e48851af3468cc64,91511e95031d01026a5a9ef056e4958c8525d745
f6b8cd4fe2ec13f2301fc7bb98f7eb859ebb452d,be4e648ed9cda8392e877683f2f5498a258a4258
875fe5164ee1ff373a432085837e8cce66829814,d3a2c934a91139a501291ca67a60011d45396676
3b4e60c6f508d6dc4baa6cfea398397ce8429a58,d2d3780ffcc19a147d89692c1c40858524b8b880
e9fdb8345b710dd3a9b610ba9124fcbfb6eddda2,d473ac210f12273d14caf6a1352292635506ba11
07ad965fcb95ccb40437385f5a74d4322e9b3db9,221902ff9c64e4b0d8a4e5c6829a13afdffd3d2d
a70eb616bcdc9f591d138a582b5e25cc5a6a0dc3,5268209eb9ac138d2a7cfe4937dd705f71936a24
b59f5475c782ac8f198613a9d07bf0581317a06d,516a9d71fffd765dbb973f7b7a3d42792ba37b7c
ef707c7d73e825b77b5746f754c1aa0c4d609a23,fe045cfeaefe6f14e267d4f63fddb0b9dc80553d
77823d188d544494b4e7efb3aa3a072636b5026c,ed902cb2541731b1946be84e70de8c8c2372d7b3
df30ed35a18ed03224e9a8d078549493660a1b6a,8a4428315e39999a903ca9fcf5db11a102f5d94f
5af2726c7c09c032333e546e512d5ec50659f167,e32e2b9564b803e3a48e39a07ce753ed23ec7b2a
f1900223b9bb0bc7ae4e25c3c21c1b4c3bdffe6c,76eaf9bb89198f58cada1462ee334be5e33e6b24
759881fd8b11569c9238ed43b00e99a944a7c270,7569a91eb12927c69a2aa9b17a8e716ff7682694
7c809eb1c591fd96803cc551cf37598a957d9917,f2928effa44a3ab8cc98752eb6a78f3a6900a6e3
fdf4fb31fe4d6167b2c2a697612d9933b3a40664,344689db9c4fe18b578abe12bb888cea93caa5d2
2851a3abe8f422fd72ba3811bad60df2283b66d4,6124ce9fe6367833b0ad27caad34c7726177bce0
48511f8057403e4940c9ed270f39e4c5ca0e4171,d645628b145dfe4934971fd2d84446cd14ff819a
4c792ee63fa0b7375e278531654c5fd69d9affa9,e52f86aa0a314fdc9fd10217a05bf0b1eb1697d6
02acb0e38eb6f74abc554a67940e7d01bd8de2af,8113f2b679561b32578ec5fbf1f109afc1b11e30
f51269f47ca30b472f37456ca0f16483d41415fd,1bb96ff4b4109b866590fca0d0fd0a4888d28c05
37e7b1181ba3f807b9bf5f36439c2327cca6947f,86d67932e2b16a12345546f29215533a287f497b
7eb45be3e83b11c2d2ddc78b83ff67da68ea3b2e,a367dcd39d93a29f1860c6f59bd50189332a2b58
d20013848678adad42f90148d371b93a8bec16a4,aac6ce863c1aae9bb8994b605d5b93a9cc6ddbd1
1aff8b73bdd3facc8076142a23f6457371b6d38d,551ce7b0939d4c2f864efaffae8fd485d6fe1880
85a75bfb8661b424715fd91b4daefa13a999881f,ed6581ff4cd9f8c9d71cb2916ba8a3ca78179e81
1ab0fb6b763403c4c3e98152f77dc5f047e61943,f27ac7001afe23fde2fc260131a694137a796058
12b459109ac09733ccf6321406b8ebf5b31a3658,158ddc5bd22f83ff442c9f7ba1e6d38193902931
0b044ce31169e3901585ea305bbeffba64a4c734,0b7f5152acda0306a12571dcde2368d7ff816235
0fe3d7e02ded6847d4a4be4c1f9e49b29f2320a3,a5b6578c9fa653b1510e0177cefa994e784f71af
bad4cde58f8ed9c2e4a905626185392a72f178ad,9a79167d5602e41352ab025ce7bac3625bc6cb45
39ae6fc76b65f11830b25842e62867fa3eab4e04,c30a12812fc1d4c7563e4e3b3edf10dc6ba0d752
bbeedd476701aeea58ca490f7e07f1249904e6fe,4b03359058a7b8c15075f3c6951a0621322b52f5
2b0b67d926452c016e4c634f402e71fb2f7aed46,fae30bdd1daf930100bea7a7b6467a7f4b77a425
15b8f750ef1904f8f2bb2909edadac6a676dce14,e755b242a93e7c097c050f7a048ed7223e11bca6
0164a3d3db9d013ef0bc5c215d1f34da616c7349,5f11a11df7fc915dec5068cd3d3a3697a12bd493
89bf3f70639d4aa60a9bb208d46748fee2a0735e,5c2d7a0fc7b2c028dd9fd3010662a79d06490908
d564ad67fb5f9a7b4947350e3012b5eebebdf899,839d4b7906b3155b9016caf4061dc97f98b4ef1a
c5339b33833254d4d6a172006d00c2781142862a,2bceae369ba53d73482109cb9a395402bb70623b
b29a992543208da23db10ae536bb34b45185742b,90d635c25545bb93f479aca3caa5ca5607539671
67f4a1b83067d2b9b67eacb08f2ca77aca76b9f0,ceac0a00f52049fdbd788a67a43a56de03380c67
7823b9716031677335fd9c711f368b2eff5976c1,0c38c181539614b4374ce61d64208a39e32301a9
84a6093bed92108ecc9075c4104405663621fed9,7d8d7c45d71e0c121940aff3afd381fcd6ad74bd
bce4fd4ecc1ef1c16adc37e7ee32f1411934cc53,9cb08edc3b7ce4c60a317214ae536be53c9f3430
ce7504631407f69f80f28732ec592a234a81be9e,fc3b71aa178fa3feea794ba1a64d94b8604ac0dd
ea7027e7b7a6b022fbd2689e6c6183794eafdc04,ed8a3a4fef0333f996d2156cbd578884604ec295
b81ca25b69ab62611471c5f63ea7b14e59ef61cf,52bd8389147b233f7e30189d86715b9a159fc1fb
e22c88126b2f655ce9d08db19e2623605d5eade9,9be1430fc65e4aec1d3eb1b66a1045e1601f3f79
d515bdd5687826eca30d666c3576ee38caa5bc60,6ebd7903886b3e865e03544b01979e2e47068515
8c013a4c1a3994000fa9d9e8949b880f7cf8b6e2,4e818d4ebca6119210524bcc63927e0af3d5cc8b
2d296365b557f9147d294a7a5b041e472835e117,84993a2deeaad1edffa79699087633fc9e23e383
94f4f9edc45bca2b743dd8fc62e77262770c1cac,4f8912c8fc67e1fba72bbb52ebe215590e7604f4
482a93de6195795ab6ded40955b71edc96287d92,513048f8905d04c081cbb828b0bacf53b2481583
227e57ea43bb0cad377df479c26b16ebc06e8a73,5ed20a4ba4c831df347fab2a7ccfe2c6aa3cace6
9f1345b7e7e5fd8de14e9a038d2221b771a52a60,9a971ee4586c62a73ccd9cdf295a5570a6519294
4fce22cf68a128c269cb2cb4a5786b94b90d458b,63e5591b255b5c04401f51fa4d795ff59270f6b2
3f4fe521274ece22d81ac0686bbafd027dfe8ce0,6ea644165ff152a4b7cbd4de684e3d7ee55404bc
2b82abc5863ab2216a883a5acc473d0d30455827,1b6bf341e29956f14ef422af5eee3d8637a6ac96
18d05b06fd13e2aca3d3221c1e51656474fd8ed6,cdfff80feecd0bd837650a0bd5bb5cdabf0b7306
e49ca009c4fc014bd8bee88a9176db781502aa62,0290f7a15aaddb4df3e63bbc60d6854a3667e1f7
f7a3d13912ffa10eea290c59984894b8510fa7c8,81e34fea9bc39efb32442e6febe2e0e59e1df14b
9a021077172a893b831ed4dd669174cad95fd647,4761080426f8bbcfbd8ba2b74e02cd4c0eafbad1
4aa0b41e34fe5937e3ce347632b9073e570a122d,f54cbb420225ccc4ed52ca5857d9d3883ebd7d62
b3731ea4d639af3ff79d0209289e9afd2ec61066,3f5778825890d19f02da3109882753fa5b7b548b
2a40f5f9aaa7f4331dc44c91a3cc29d63a0f8ed9,014dbb6a2be3d4ec4e784ac9de000fc7cdd79db3
711e5829d4c2fcfee06497e0a8608a614e321210,fd32fcc8fdc25df71d7becb117ee5548d274e12d
cf292442c273d747d1f65e7d343d7e0c6abfcab0,e9e1e151969d2482002f0ec51027f2f5e34f32d1
02bba67edb1762ced55fd09662ef48a3ad2e4a1f,089d59d34440df71421d67e2f1ba1be8b4a7f7fe
ef2b9ff9ee1246a8b2e583684ecad22d8c5c5695,8115ec803e77ad8214df98401727e31ac14f05c5
6ebc7c77c2642943a759b385bccf9ccc86aa0b9a,cfa07db19f51fa6be29cdc2ad360986840db5dc9
0abf628436bdf19a1dcd9f570b209cd2db525a48,153d13cf611a4bb93cdcbf86a0d5c004fcaaebf9
979c6537f8c5b57b0ebca36e95f8899ff5d512aa,0cda22f3cf9565a617fde9f80d134d7da28c9a29
2ce801f6826f4272bd0d726e63d53bb4a673e7ac,a31405f3ccee71d4944c36265919e8e0c4a38098
6f1c78de4d85ab6feb6b23b915b73ee59b58a0cb,24dfcad1355e82ee3652cf4303fb5c5bff7efdfe
ed88aa799daf7113d175d76ec8ad9f2a7159d2a1,84cd18cdda73bdfdbccf408a2ce01dbd1daaf38a
9de07c51aac851ce5581208d26092bc12a5da05b,38ec42d4e7d2e15648c465b8b708d18f65b4987c
0ebfb0f712e6058c18709e00e09ca8563564488a,cfd6354c850c9e7f62ff659f39ef973e00926f92
05b2834438f234506e681dedcd21ad1dbf836e66,00a3f3fd5e1b0d90940f25cc8a7c0c63d43258b4
9f3caddb5b6c6287a387acdabb900994bd5fc8d4,29c3a2f733623d47a6c14cf99ad44a11b1315575
0e812aa3896927909d32faabe63ce66579f04a82,f944c2dad019245805d0cbec48c0309e536a22b1
82026460e86f3fcdafe15991c097990025dce04a,a178f6b6c05e03c8c1a09109e467c6f77861d4ea
3c6c385119dced93a081615604d758eee2e48df2,673d8b82f194c7c43589af2ac4ee946b466bbedf
99822d6aaecf8cbfafba89962f91ef053226bac4,20567caa262660628ef293ec7765e0957cffd0f3
81c85d0bdb664254564823fe9f69e67032090613,f8296875fd5527decf8b760bf19f01ede3d32fa6
1b027119dedd2221e9d64d9cb9e4420062fce5f1,fde3b6c97c17d4ab427d48f16065acab88ccac11
999d2e06938bebf8e554dee88ee1fbbb01421efa,32129c40231dad9d671369d299d3d04fd9f00e91
8c5f5ba877c2d0eefa2b39895daffac3a089ccb7,6388b374d5d43f7e642262f24277256edf416985
ec4c8a728e283f86a64fa97bee4b70ba92bbf745,4be6e073053f19b97a3d588f86c11ae68d5b1a55
267493952d5ce186ca911f9563c37c424fd65d7d,ac1a948854b56e050dcd1a801b1c7fcb724cd501
18dda1092f3312ca22104eb5edfb1cad21d0eb10,ff7e31934ac3614d4e26b7949789d346d7cef64a
7e52d4e3d73b919cec25bb0f17367be98c132fdb,43f0255b6880be84a03262fea1a45c860ff0f913
296d0a42e6daa43881bb7bd05f13f1b5d909d9bc,9b8b98f5b2d525033d89a377fbbe0c45ae3d062c
716e8cb0837ab19aaebdfd2828611ad7a8de421d,2aedc1e6fdfa24411f9e74074c6e511e8b3de1dc
c3e29022a5317473e4930eb8f71a335e15701418,f1a02b40d7e84892a62e4e1fc0917d48c99194e7
42e555e06cfdfb67d0257956d1d94c345b953e03,3181c46eee300f3f46f4a6cf38b421bcfab2c326
23305b5f967cd0a48cd15257d5b106e88846197e,4b1260b514ff61f45c60f7e5243c29d0951307e2
e3b102f119358a7bca4af5204b684515d54f6e3e,91997dabadf81f06e1a747d7783509124c6419e5
263a1c7503eed52b5d7ddb8c8974f42cdf29db0d,bf4c83ede725704c635b4e35c8bd2c30feabbc89
1634c983c5e12aef29df615207126a0d8bb71e30,820322ce9a34ebb982d0924c14f5b7ed3d89a9ed
e76b531f9b14d338de612e7bc0ecd75b6865a489,21360ddeeac5322def7bdf09ba19412d9f110f62
8ac255dd964b0df81b2878afe4628347016879c7,8bfba88e84fe985d830641e87b1fc53e8266027f
b99dfad839abac7e3760926409e9e4fbe6dd97d8,955aea47a9cc7c94fb0e2b43dca4e80f33ace3ca
7736b3c29d6a1069c4f6b3e44157040e2bede705,a4bfd8579a27ebe87522e74890ddf5c958fe43e2
4f70532bf0cf5dd6ea88e7a3fcc8978d258bdd7b,2a212de9581c96f7f47f03dfdd6a03987386d52b
0b2b811aba721d90b9735762df398479aa71257c,f56533fdcd21f0e444ff83c408b5119ceff19ce7
60919d4e0069e57efc3b7ed37d0485c63a8a342f,9fd76b350b1d1f7ac4e040ebf8860fce8a82bb6d
d9341b515fdc487d3b7908e7df5b260872243540,24fdfb4467698b1b9b9c7b8c2fcbcb9bc398fc90
7a90cf6daef69279f9615680b9a7eab5bee99d41,0b7ddb7caaea9bdf664dd94ce3d7e726463699bf
adcd8161f3dff8d1c50132aba19343c0b60d165c,f82dabb90522eaa8dce34d627d9eaa862c19c132
c57a4de32dde67b3b521b3156f0fc232b829af8f,3a6b8b63c4bfd98d79eed18d960d818237d8ba2d
b4bfc605128256e1c91b0b24c88e1f69f513c5b0,5ac74ff44b8fbbe13fbba0a95c77e45aace86fce
c73f823e86d460e4003cf990810788c077fcc319,6c9e2a1ba737e043029569bc3e7b6dba49227662
b4f9482f3125aefb5cb0a97ef8d1241de2776e3c,5f22862d0fa5799a20112878cfc3454ab6914cd5
25163912aa6e1271de2359a220542c1c4de42aea,4b03e8211ddb98632e42d0042b03c630f98f2558
e5bd2904b740fb43a35fe38e320c2e092933f4a8,ad7a3154babaa0f7809a965c358cb277884c92bb
09ea09131703bff1d67fe0c1d05b15b51dfb898f,a2739d1c7c85b8176de31d881839f4284c247b49
1827c7a29b1a3c1c88e29237b335a16c91dff31f,3fb2d07c1d35c721dc305a3568005f48dcdc371f
6dc56aadeef4c84c65045a4dadb3896cb02d03ea,e0d78f001590c017bd14de4a9a9d5753fec1470e
6fe7f7859c557e96da7bd8a04f91fc6236581359,6a29729bb2a196ceeafb494cbe4e44a50d1860e0
eff68f831f8b8efc1ba0b994af6e05d5bd070262,f47b6779aff9321152cc5bd394fc69b8811f9188
9626cd66ce3fd84bd62f8cffe2b404fccb04d0af,ef9fbf2dfc994f5bca706df813525a728eec3955
a3718deca735fa91cb47ba40fb24c0791d920327,ab0c10eecf908e87663c78beec07f3d944d3d38b
245e0838a9258b83e64d41bb6acd76d89501fc06,e518d6ab8599f662e3170b1df8bcd815661d838b
78b8d3ce1148aeeb2e7d1497695a08a9dd129829,739291f66bd960ed7997927afdbe8be3e30774c8
96a4c4698620d3d4b2c9227a283857804a3992aa,ad9f525f2c21d229bfad67f7e7d260e43018a623
9900dfec9ccf1159e44e6a06633bf8b7b31fff03,5817c0859ada7e5c130ceac4e7486473417c1639
5bc5c6db4bff6a524979d334585a57f432ed4bb2,5c055aa2d1d513f682129dfc598eb473cd810f86
dd3057924856ea607a33b27899449de808102ec8,daaf881076c9e9bc868c059a42f33e840f0da5a7
a1c993dbd27366cb32dbf1c2303290b6de231396,6370dc64db6899ad05165455bb926573808c86b1
3a0079cf31c8c1604f27b88ec4fa614b5c3386a9,c48cc0c4af4273277de5b00127d6e5b870ccc44f
23113080fae250b06e091ef500f9bae52b0c102a,e8d6a3d2783e4c68108bdf6918dabac2ac0e0ba2
0b3bcfd116403574bd433991ae86fd74c5c89096,27c980635baa766c45aa503eb07ad23f04d07ecf
6bc2863e7fee5dd43b5942192f387cde80271722,cc704d47ee6cdc1a7acea66d11fd7fe71ff54b0c
491092307de66b3e2ef03f72863566808c3acd1f,11b77531d613b084680f3f8f69e1ac1214cd045d
ba7e36bf15c4f62d59aeab9b71b69e75c68055e4,907a68fe34f3a069019169b06f4f30c279e4a668
e4976cceaf0d12a0b8fc2118b02803d1055bba35,8dcd1983f55012823e6ff39c71a485af0af20208
f32748cd6d5244525d55a3200735298e66a7ea5e,62cb3884c568a7c99a86465cdac5599a5ba4afbd
bf258ff757b0d218b8ff134c2fb30d05c3cfacdc,5ecddb8c84b251b8c578de21d609405dadef8611
20185332ebcee823133d9dfd8971233058d881dc,c7bf46b47ae917fbc0b4548c6a0572cab5733352
02d7d609e19dace94b2686685095c8a196c642f2,6ad7d01004cb413ebd3dde1860b140bf4f3ab6d2
c5e71d7447b73eb6fdb70c605929b03956427674,f3129eb1b92c522c109d89ee0182261f79a2c88c
7d29002d3a78546a828960b867de69312e059782,76f49436a386200708eb710414b3822dffcffd46
7b40b1a0ed871a64913335ed914fcbc388337307,81fb0f1cbc75c86682db3d87e7430915a1ec74a1
6c177f4835315724a653e496270741766281fdd0,2b1e4e9cf89bfbbe1d119daf839ef1e079f1c4a5
a50b1a3036f0c10b60b3f48448a243f24bcf4b55,f7f464c0591e63357e637d87c91ec8d653e180f7
e9a100878e35b4d9e2bade76c7571aabc5fc8429,a8c83286655e2586a32dfa4a616c280f324546d6
2c015083bada29a1687549588b24324bdf18351a,48f70bac7103e48bf280f529397fad88a943f62b
014649f859ecfc872544faf528c6563da721c887,d89553721fd75e4b73386265b7b0d7959977b821
87394496c36a523112e6e90cbfb8694fe860b6c0,f85fd38cf1ca74f1ee92dd5f4042db8893069dee
204acba8853dcbfe94e8402ff07c38a83105afe6,0c93c636838c1beeb38a43321b9c34fbf816334b
3ef608afbbc0ccff430c5d844cfc201cd08f8398,6ea767ff99f39fdf2c5c46056256d989374a26d4
1f05d58492f47deaf6becfd5181447261d8f5e26,291f0f5e541948cb4349fad884ce7bbf6b15ce15
84f25ecd69de5c2b0dc50689f0003bcd98b3e4d5,cfe085808617e8f75682e57f5c9d4c51fcd31dcb
dc11b035d2f667275e362fcf9c0adb8acdd5fafb,580b02f0f6a3a09db20c60d8a0474bc8ee87f9cf
ea277229eecaae41604fc507455a8bfe90a3039d,962e6bc75bf2220fb8c7f179bfd8941a62302faf
a6fdffb49b69486fbee9513207adf0adb8bbda26,9e4e58a548a3ad94c6e4df632775155171eeca81
2e0ae1f8afa6fc87a8f23fbb095c153dea600eab,96462047ddcccf4f3319908f1f42de323c8ac4b1
0f9f905189249834ac19210c8d262782c8c646fc,26d19a28d737eb9ddfdffba59e61b0a6b57fe516
1533c3f8156215ac5c86a527c4ffb49c601f74dd,fd3f293cd31998fe19cadf47ab9f876b57bc015f
4ac60bf4a6120f109ab97d4c98e0d756a9ad8628,1448d1d250ed1a2591b6153d7a6028a5824fd92c
5127f1b04aae9f506c53a35a76f4289204caef5f,e2aa319f964ee51dd100b4b7bddfa26d801d45c9
e8fe7fdf7838471603601c659befecb71c9bb47a,8aaacfca4afc9585db68e21b297da87ce9eb68ca
dcd2776e1719b715d3a30f2d267bcd40e5e3b0b6,fb822fada527b5ffafa9e767ecfb01389c2db2d8
042a99e1cc0e852a6ea9d251aa8369257b6c4d79,d4122f4b3b0d32570b3c3b92703de657e56802a8
76a8548f3679b486afda4fe9ea6885171e033239,b0bd8236494f22be05b545c4b3ed25266a4ad116
74e8eadcf58d5b60b3521f1230b36792a9ff37b4,f6a490de5d25686fe661c4cad8445bf6b391a025
80da7670820b32fe26152335ea441b60f3544cd9,5dbcbec5e25e2ea2a863fa6514e3cf17414925d1
d75a407aaa19d077cdc2a1f54c7977581970485c,038edf72804fe85d6e53b2ff2749f77d86fbf3af
eeccce5406085dda503ad2d397d7f38f9d464795,551df4a9426e5a6e3a8871a9e01841e83739f611
a55f1ee59b9ce1e1ee1037f015789a84eeacfa56,300c404331e88003d1a23e69688caa49b312128e
6187ce0ec6be3dee22a63b018524e260d7c82e51,3e52b4f420d211e5ace4c80d15b2a7d94719a69f
f73c112c7ad82ce508915a42557d4240fa0ca3f8,8bf34893ef1e430622e31c312fa28145ccccbf16
feda26fac5248f8aa6302c5544f7c0faefc7fb9d,20430e224d3139d7f80273d9a44e490cb7352781
92ca41aa588e9bda08a88762af6abc9bbcba06db,4aefc319b67e7b7360c84d5d1db593e234b54569
e60053a7ec65995fb3c9f3f32a2b9d045b41c3e4,201323a548f1eb9248b9b7b42c0c10e4ea52aa97
56395da3bda60eddee2b26fc800c422a0094b311,c4de4644b78f271a91d4b1f0475e563fb23b83af
a33d40071020c36932889a1745579b45fe7f27be,996817b18c19365d4070a12501e79c0f3900dfd8
a4a6556e3243758ade664df867375f31729d564e,6a7a066db2b4c323585272d8980950c4209d0514
6249dc023088bbccdca410d7563c2fa09e4d868f,8cb0201b9e7cc2c5d22a5c2d26aa84b8467f3f21
a50c8443f7c39f65e7e8a78a08713fe759a3d8b9,8de3de755613bd6cd191b1bef8a1a0522cc9dafe
e1e2aefc846d1de17d97688b3f1f68e04464ff74,7490d30cc55fa0547a9f18a349bd08c6e1296167
fe34f57410d204f00e5b42d284cbde8c5d8bcdaa,24c3008b3e847cf8958b4ef98b2eafcf7a69af41
7f0d29e3761ae08e1f516934b0ac8435aabf8120,614d509e43103847a706ae1451cf511bf8b18746
912958898f2a024b6c544e094ac47106909e7905,66cf4a06e277b49d22e1989a09e01d79d211bfed
3aeea5916ded247068dda51354ff38db7fef8d0f,7d014203bb0c5f81145e91a5bdd1830a02bece25
22575aaa72bc73f208e5e03fac024b9525ae429f,0cf6845828138db75aafdf5f43876a5b1241fb1a
0a09f32a6ab157e77a9ecd3bd42bba5e169a9fcd,6233996ba66431afd9af7746aa6b0c2e3572bc0e
7c9323ec50c4031d4297b8e37373276cca616916,a1378b00d983d367bdca665902b7147d2cc3a2e9
806b5b2fbe0f960753555e560d213404f32b3893,cce854c63696c5fddffb19177625f139f3f65c54
486f4f5c1b56faebcf4e8a26fc4444073065cbf4,d61bc591f0dad2ba13f99b5ce6f4c081eaf8d68b
35a77cbfc6ca20c47eed3820e9c27a1b6e8123d0,8d03848038833bbc8f4b838ad94ef5de220bbcae
ab85e1c4cb1f4995548da1d35111ac0e6a867d64,b996184175d7993db60ef40f8d50348326b7b9e0
d3af7c173470ffd430a8b220fff72d3762820296,3fc21e3ca12a5c4d170e2ec563c64ac1c2f728f3
6a8cbf09b1929fa1ef29b67e2429e1670cd8a45d,9358a0dc662d67beb445313f6f70a25b80d4751e
c1a9a62be046ea448e9d31dc436a6dfacb59fa62,49958f4d4be6162e670a5902986b7f16d9d4e7b7
92fe309f7d349e942e2c4bf5b62aa119aa6efb5c,50e221cc1967465b248d35f088d67dfe8af9a3a2
f89674188fa254e10f0b25e978ccdf0e04762f81,b235980b4049ca01ceeb716c0cf2f0aafc3e0bdf
82eff9d4bf994cdbdf51941b86a30687fcee4d7f,83527ec125a39a78efa17c80a2d1767c513a4d7d
0e41c020a425326c6c095e266b28f41f3cfa3050,9c2e7b851097970299cacb7661dcb59f2dbc6866
4f1813309972dc819b9f9bdf2f36675899454612,b04368f5295c0b9220bb8f6530c2060cb97680ea
8383b6e14173aa404d601f9908539101ff70e1d2,607c12d2896d958cb959394c258fbd69ab63b1b8
f8117885d0f471c6889c32c9efea6d77ea05e4a1,6e490419d48e5e6259e271c352d1d4bd828a45a7
3649b7b29036eaab42680660c742f948ef536b28,b9a7c847cd8d9d0a682eb6c2a77e863d48353bdc
36fdb5af139fced2750c97ed817523c269f9c454,0574eb748fd742072815836d68792664bc2a7096
05db7cfd1e660ca715b18cfc7f32c9ae16b82f16,e5f87dcc31cdd16577ff4b2dff666cce778fbc28
86d1601a66860ded7a43090d47c27253e4b972d2,4f948894abf7e1b6ce06280b02004907fd8c58d9
97b6a6de6158e1da578781a4729db1de31f89b31,e8483baa8fd57896775a1d43ed70c8c036a99700
84c609d5cfd6cdda0755e73657dce9a71127f589,8bb1bd9fe69ca5e4d18591a306de5ff3136e80b9
6bbd459dcefeef55f911aeedd60b6cf6c9a56593,0124600dc87b0dc0bf28a9209709bee0dbcbfb28
af04ddcfe8fab41091d156d46dc74b9a5a4d8409,6b060e8d02bf60f9ff2cec7f15ef9c937d5f8b1c
9f544e2f1e3ba9b9b8e8779e934953df757b1e2e,1af12bad325e04981bfa609cdc2188f6f442cf9e
bdd3c13fb9ea8df3e6695ce8804264d8f9d5e047,b178c00c31f883da83dea54dd7574a836052657c
88437a429737828bba1c5c5a685d502ce536d647,c45ac7f164924d5c74975be95b51b0bfaca56407
13cb86a5ab50cc8e7be47a120e9ee08842214e5c,68b28a7f56a87bf5ae19faf892bfed30b5cde450
d2738274c720165aab31cdddb41c1f5454cfe30b,17507c39257644cf8351339dd84067847b43da13
9541956916fa6e1782ed115ce371236bb33c49d3,fca0d8b81727fff04d6720830d816e1bb934e00b
2faf330071ffc83c38fafa234eae17a053cc8f63,50820416a35dcea187698d0ee2b4b698990deac8
7ae15d69d4e8d1199afe475da93f85a553d276da,91d6336c97abe1a6a672eece03a3a0036bc54f18
545bc607e403c664b7f8f327df3f74e0135cccf2,ae7938858a4b525403a4de8638ec11caf36594b1
146b0355bf3d064eb974957197c2fbea9a4768f3,e928baf917634e217e57c6743404f1230d8a59d7
0f8f46044abc74d8ccc05e5b85ae9be439ffc026,641571543fbb955a26cde1282ed74c90a19edbc6
98bb3fae54120068f5cb6079f47773905c100e7a,c867dbbfeb146352663fc39c8cd7949b1a91afb5
05a4f58f968e12a9c12b299375fce530da0a11f9,ccce15bad981349d6581377cb4ae5736db6a4fc3
52f68f378693bb4c4d92bd49ef33248dbc29f4be,6ca68623a340d97d8dc7f6740364996e502d2d63
58384ba602dac0060edb05349092f72a175a7b39,19f3821fc9dfc92c604a63427f8c41f3604dda31
bca1d2f2df581132187bea39adea5a858093615a,73a9c9f08c636254aa329991a2a7875a3199675d
57bc606f4f8630301a23b73f30cadbb2ea737495,e3577f80f0750136e707068be225263231aa81e0
df1907eb0ee3095246083dc3b0b7d7214c693d13,3f10f6df6ccae3455933f39152d4354c3b7fa7d1
f6e770b40e9918214a4b66f1ae5af76d37389723,2138425cb04fe0b1d78f735159f9ed1d4402f227
8e252f08dfc798dcd42a8fd6093d5a47a5a9af8b,922f88e38c4134e53cfd5323b4c29a2592fe9b42
c63c44ada196f268852e2487547db47658eeb3ea,61c1e423326f5029851e9d5de3d61cb5f8304d85
54e370fd35879f85eea8745196c5f867d4fd6794,ef81c7e3fbf93507467ab04086f82f11776d6f8e
15fefa7d5cb76faa51b3dc6a411e6a0810c84c7e,b9658d423278274106d990cf1397d0ed3f9738b0
9fdaa310e144b2b43c9670f5ae2cf5ec6c51b3e9,5da285636fa8fad2211ef0fa4f4d009cbb87c817
8b7ada9bc04f7c3f9909c4cc99c5368199320bd6,29ba0cdce9aff30d235f75216494d9561c64dc2e
030ca33100f68ef6443c30149ada64e53bb2b55a,a8ee4664ee9a29d86a639983591284196c96dd5b
3a7f0e3a3d00be209627af2373f6ee7b122d60c5,0b4a72f8659374bb026141f528a417fc67117928
96019ec4c1e938174a7ff9d0ecfb22a4f22a3a7d,50e9494760464b9226ee904dfd99810329d62976
7369d37927bb084e0b241073a7d9562bcd8549de,31c004afa1f343cffb6d138420adb5d01675758d
1c03395883546f7298c0d98a3ad4973890b073e3,027f69aca1900e30f32cdd0624cc26eec6fb3ef4
f7075f15db7178a3568ffaf0d7f9f5f5a3210bab,d9b4452338c2605684a6966ff885f8fea11190aa
d68c0c617c11e0eca13e08a96efac10561d52e17,a8d02e0b2725efd52c680c0d339d542d353e0c42
5e87910106a13a9b4a1c5f5fb6e11d23765786f5,0dfaadedaf81fd13b35329802a4b4a5ca947fa69
403dc9435ce98153e149d790c12f983f7e3c8712,6fb57f8b3942ff77480a81d5d1b77b9660ea8d75
fcc9c2444fdae8882847cd601d9d736caf0195af,5e28d4e647496815408b0a84c6c5ca8409ac0b85
fd90d49c052869547f26d5da7e674da2a9a2f791,c4d10972001dfaa28726241f62ea2df35dae3fde
a7af82d31302c7329004dc78a043b05b0c9023c0,cfd61a9e9b84ee45f0649254a90b6632e5b5f246
7068516f9a124e8bb93a9e651c166118b39e4bb4,a31d08b2f855e8199f450ba36b48ffcc48536d6d
cbc16800f94524466aeeed7eb00fbf9ff7cb88e5,c0f0846ef332d289961f79793509d9ac72efa045
5f4c485f141db89904c437101429fc97b1bf8bf2,11082aa83de9c80921045775803bfc251fdb0bbf
0e0bade5d000484a1fae49a1e10c5ba6fa603572,43f70a3c7d8ac04c934a7ba1cfd71199c08b7411
c34dddc5a2821e3fe50f405e421f542edbcb9dbb,73d4704e03152f20a65ce1001bcf15f6b8cdbbad
470421133022e963edd2a5fcfcc9baa62cf7b722,b96f7bdf9bbab995777932a790e7f81444b8cd84
b951c166d595a3073c050dcf8fa3de246eba28b6,305d8b367c33eb8b9a18bfe954aa169285a1733f
a3ca7a05ac4a797fde2214db4107895df9ffb861,6ac577d5ab25847da4193fbf108e80538953097a
316366eea3f1d42042d5dc4b079abdbb646f1ec7,433433878a36fcf925888ba1cd86ca893a0f9ffe
fff720d942f29bf7109546e690f7af96d63005c2,8d70d27ee164fd284793316e08e506cf4f27c63a
95a584ff627d3f7cd397aa7050e3c1156ff70a3e,6e6b661cb93fe515954f88d930e4b704de06bf0e
83cf2d8e9e0e4043b4854655ea8bdf666373db4d,ed53b3d84fc9bc1b69644d243e96ac444fdb06f6
b561d686807ee6d1feab37ca0bc3a926b362100c,e840450c30cedad8a34877e3f831fb1198ba4e78
425783ebc913b18a8adc36a8962308931a52bf68,2daf8eb0deee16a4d03b3bb9c10fcdea81bf350c
3ecba5b703c50c95f0cb57deb8c5ad296b375d6d,e01bb8da03b4f990d7cb7f18015fc0205164d790
4ed682bdee8361c2b224429dbea6534aa8dd752f,26b3b40f11e6a0d33a2d339a475a0ab1592cb2d4
0a7dd5e7d1f4fd38787702be4e1fbcfb907e2231,f37bf445ee36b29ebaf1eb2abae2c2aa0d5061fe
7a99da2459872a5a1115701d0d3081cb7eb4c99e,69c760082c6d6903c441e5367366608f8848a25f
9737a8cd6c0a602badbd969bfa8bc2e529ef421a,cd92510e8b837459b290581ea128094b1eefa02e
22bd192b33ef8ec7c1f3dfe3dedd9e2b3c98825f,73554121447d6c812198a68985e7e9d279b5e367
b1f8fea42a432b02950522fa225623f66b1732ab,f99dea43fdcd600991ab34e7c61d1947f4b8fad6
6842006a2e96090d74dce4683cfe8833b729807d,2ddf5da1a99155f8fe4e871af7511e8d6495650d
bacfe39dd117988972b1d9d2de14092427a62766,13717757c02b496779ccc8afe62cd5098e23d3bc
8834e81007ce9785aee143ae8246b1911d0e6135,802ddaedae4042056d6e0c7ccd0e731ecf85ed4d
f9224662475b8968e4813b0c7d7d3e3b80b649f5,b822c16ba1808318e2f345d26abbb6e3e0ea00bb
52f693c77638276c19564333b011e9a624f21035,df0f078295b5894ea3f4a36ac8cba2c4b14f53ff
a50eb4e025f82fc4ace5176b318a617243d61cd1,2a4add51514d7088cf80f797a58dc4ac0b12c715
7ee2525010b5e595589683b3aaef1fd3184dd0ae,bd0404912fdca819281906ca092d927bc689f295
e23267fa3185193a1a5134f8f065935431d60266,14d491e5d9e0ffb45028963f461927f11fc1c4aa
048f40c6dbf0b3dd60607c630575e4321f772b13,7ec2cc68673f6ace3399f3a6b1f5829df6934c5b
26e4a2a1253700e466b8f699bb8d67b52fbeb1ce,2d091383f78daabc1b6190655000c10a2a38b8ad
aaedc70d60fccbcc3d5a7bd9153ffa8f14e6d431,e6fd2b6a30a802f7eb8c72fe50950b6e081d7040
ee7fe51a4d5c004579ac44a4c461aea6b4c61634,40a6c67110aff6484bfe334621ee70d4ba2e02e7
9443bfe2732f7af56aad2a6217223b7972f0fa31,b72d75c9203fd20ba0b44e523f62e87ba993d829
28555693a325d002c971b52887a54f138fc13b7d,18287177298a186093cb106db75dec5c6454f6e0
539031df800df9ac34d192251110c2259dc2f538,954922377727df7a216bd36fea76488667ef3a77
7effe9184aa281dcd44fb585630468223fe6e0da,c0b7879b463e9aeb3eaa096e6b34098cf1375ead
5138ecac454dc880ed2508c6b240e430fd5dcb27,579596616e829b067769a8a2dbba02d343a8e4c7
e2af124931462d26371aa918d6412cf83d74d477,57b8d8d2ed0ce2c8d7dc490dbb0ad7790037a38c
89837175b6867a09555a9f16f7ede8e8eede8260,83548eb6a060b498206b3b47406db650238aece0
8c1bc08017dd48b29d14316b2cec95a8e09a8411,7e44076c9813b74ff3ca812c6ed621e8c5982e86
ef4587641b7d737a9d976f639d950fc10f9fde7b,159b6825b575ba3a6605320fa34880b92d1ffa07
da64aaf2cda3c1ef8a4dc6442df2f2c1d2a223cb,22033d72c02a5a9cc499ece6fa0246e4e7bf283c
c90e561440fe6df840321e2a9d8151b75e4460f7,374b0abcc08b37d5f4fc9ac471305012e9b0e7b0
12519be2795cf9e85fdfb6422f652ffddaa0abbc,8be79d770d7e3f190271f0fb5a0bd5ddfda671bf
07385b74d8fe4fbfa2b4eaf7682599e887c5301b,3a39b70b85d86f429d674732c305143d6f1590f3
f974e9e3e27ba215924b89e93f87c5785e3c7186,a20b0a3a743d4a1e457a4453a76a3860fdcb0515
56d1b59eb28af4a7a5ad6ac4f70e0f5f7bf2e0b7,081ac7853e89b7b6994977b0ba5f6b23c1a4b6fb
ac5f3d3cf422d0d66eb43b78b41f854419281a5c,802f18aca850fb49ba6a1686ed9af952fb50250d
ed7fbb8ece1b7a3e167037b58ae5bdbf0c121266,c2c39aaee24e6370360a58c4519f690959f55e9a
d81ede7190a90ee03839b844cc14ebbc654748b0,8e44765d5ca41879f136d116af6877645a43fc76
819bb3145b5ca2aaf77488431ccad6e81e1a06d5,7b63090dfab57f8cda4e0725c826bb2efb3137d4
43ba5f66980c2ef4262b299538b863132daf8a28,279c5ae118c87e5dc5bcfc6d65b73bf572210f54
327b8b976f14fb52ac811d04dd7c12c875098508,72066f1817c210e62eabc74e74aba9744f39ee25
eb44abaf8c13a7d1d6aa54cbd55bf855a4735c73,ccbe3fccfda8651c7a679c0b1879b6c0a2b2e3f4
716ae0e384ebf991afa8295e77cf374537529765,1e24e4b4de0c77d38cac642d62254462cfdf8b08
46f683a2f6813db011ada57a98e91e9504637991,f34e56c1c712ec01e784786af24e818983e74e4f
fd7d20c34a2bd7392ac84f2e80e5a8034b07f5ee,725c7459984475259a9bd1afbe8f1f9e3d980008
dc44e0c137cf9f9efdd91e40da4cb664370a33dc,3664c47bb3024062083f4884d220fdcbd847210a
c2e833036400a13fa9ff7a461d3c8abb300b9142,6f165b035004e347e432f43ea22746645716bbe5
e853eda39fbe55654ccdd983a27e04ce9aa897f0,818f7d7fe144c38e1320e8b4cffba1cc566febea
9749daa4b22236096f7037c051a5191b2fa51f3d,d0e50323a8dff956e215790d10646d8ebd82f234
f1d62db07e18f66173adaafef326e5ef555b256e,4296dbf29385826cf397f4c57ca95bb3a92908da
761f4a627d257471e8703c92a168e13bedfe0eba,174caf902d194c0ba4a3bd4ccfec54105fd21e58
58282b5fcf6f9a0c1550f375cf81bbc5ba6206a0,9c773699c2050ba265a32f51e11b96706d03bb2b
74e8a54acee56258ee488e6276fc484f79a0aced,803931698aaabc1d4273d3a9b6ba74758cd6ea4a
6ed74133f55598c5a114bcdb3a49ed22733d0148,76aae56e9db3682f78ef945d1cdc69da3ab47b0f
d5b43278bcf292fc0f7c0a4eb787840bfe82ec7b,7d9012ded6f28f067996eb6c09c9aa500c9488b6
d4acf52eda849f26929f1a089ea47618af33bdc5,a339d21f6990af25e21d6e4df7550b2176f94612
aa7b751fdbf3eda7f1b81bc4dc7572fb6aef95f8,c4b8986e4c05875666ce89dc901b3685004e0e29
581c0bb27f21cf0fcb6344364c9a6a6ab20cb1bb,62b8ce44c58209633c70406cbd995cd0a634b2b4
eb05e2b31ba693fea5016f5e59f4dcdc89b27cec,2fffc636f71c157d2b11869fcc7bdb36024020a3
23670de0921f448c31db14de13116e74a46e400f,e9e8fc3c87f7eec1cfaea47954ace3735e328881
01be0846bb39453aaf03e9ce07d913775b1fd002,b23c2d47ca3e94cfe6ef8627012d6269eb91f464
d6916a3e3e9a5abbd1bc6b10c9e523c2f5a6cfd5,ff0b8bba137045c0d2c96b7323a40ba9a11a6f92
a5d2d8bfed7809281323889fe974860f505394d4,2bbd5d067c043402befb3eff0374fe29efff80c1
b8826c4006cd23a05bce484f5482c904751981d0,c09bacdb6d79ac113296a70ae38c04da3ca06d85
0ef7269c078b306d716a31ad33b1d4ca79fa1ef1,2dd28ffdfcd8169fe016f74704c15dd8800547ee
6737fe4838e009f12a9a2b4a5f3fe439d2f56006,bfc56eae7243f357e3767dfc794cbbd4105e6707
4ac081dda42e36a63e7eed4ab76dc7d2d9924ff0,dca986cc495e85d4429dad2b38024e9c6a2b1ab1
cea1aa9b0bf86b88517d7e2e6645c29ffbb4ecb6,6ff6bf37b22195984068fe8e5350a435a5ca195c
bc3cdbd87ef9d581da7c1a4bd84ef8b2ccabad88,288ea244a7b2e711e7a1b8d89e9d41aaa7419e18
d1b0fe4105fb7ae525a0e90d62d78ef4bb5575ef,239ef3198fb925c43048e1c3755468b2b31dd162
e0e28e591e47e43c05bb215915a37dc3b1c28dc1,038da340c8e3cae627831c3acba872d42b7031d9
5649d5efbc110c4be9ac4cc9fe16027dba903ba8,429b658e507ba67aab12b2cc8b3a61d960929ff1
435e4e82b64b06d3f293631f7b3fccc7c5c9abb8,68a29002f8484eca70493f5a2003e6054e6e69a1
3d75ea3365679d506e28dc41522649a9979e6222,86105b31ca433ab702c733ee111833784898881e
54003cc566f143002db1b161ac7aa786d71ca76f,4c8d91afef25c577a29345c7a667e3c454551c13
ddbd47e34ff1375373eeedf2aef01ffcff9fe8ff,f3622bbb30e9b4d93337ec54470f194bb40a863d
e03e15a2b48078648b05ad50457ae81bcfedd284,f29c198f54b68b613edc55a04dc2b2119b850c2b
ad546111e0f67096dfaa9adb0ac04eb991577fbd,d63715ee076668581df89b818a58fbf8a0c926cd
814fd2a119ad93a65ec55d6a8f29a47bebd7f5f6,b1a3d3474fe52b2648c2d5eb7cfbe45fc18de1c0
d1c63af835848a13070570ee20b8117882af40a7,be8c327c303e15d3517c35581cff8e280d7ba12d
28f1ec4ec8446aa296510c0da2c4b891d69ba919,a018f6e7f122e8ae1d8a05c841b584d1c7936824
076fa62a2b604dcc4e9c14cd84bc65f9b2696144,302c092d3edfdf09229c088469aac280ebf34e3c
873def9aeca356f0325825f119cb595cc3215ba2,70af9eba389081ebbe9530ad16dda30ad2a6be11
c69e675507ede6c5810082bf35be62f93fb039d2,eb3d7c78a7164dd0f2d4932639b3c0277d541426
7adc796e9e98d271357dccf22b7c9badd80c71db,bd3cfb68f31d0b12ff4a18ec3c354bf15c25b6bc
9468cb8a4648e37c1f2a08fad823f5dcc6ccf194,7149c7b17155a92c76dbe6de13d10e5eb29884fe
f6a2720d614c626fed62116069043b4d5e327d20,0df456beaab28448910331c8aa3f8d7c2637c097
cfe10e596089c39d3a84ab1c8e0f8fe9efc044cc,6392989dc1d1bfb808d3f30dbc6bb890fa42b2fe
4f954eb5117d237f831ecb11b394c4923129f078,e682a9ff11e18b565f423e652525f1e20a07f206
f2a47edc0d0a1350704c350dd4b68af767a0cf70,5c80d4e4012d53402e57345f7d32749885ef1a8d
17040b38fd3df0c03054badedcb2c13c329a1940,d173a199cccaee0d2b684c289451d55f5835cafa
e073c35092ee0dd1e9a82e120f218f52c0adc999,7b5a6c2a94c173367d9ba19bfc60fa53048af028
7de6b7b47b9bddaad042f966327561a545f45cae,361b7875845e5a09324a5004933bb86d38306373
7a257c18cf9cca8faa11614f9b9c42448900fbe5,ebea4ff34b2fff8f8cf6ac15d461c8ab60da4958
a5cb15bd685cdfb36a8573638719bc7a7d2574d7,de89409e0348adab7afe82c88602c52c7d7a179c
5f3560f46ab026482fa09baaebf439df658a8c01,4e183aff2f5232c74325a65dc45e09e6dae622b2
f4f3372d5d66ce7b49daaab3820af585c59e0613,41726a755144bde19b8ceb12112c1f1be4f6d351
1aad6cd6e767b3b96476713ceca727cf29ac86c3,60a8a692ce7a8e150b81167e5b2a611b5ac009da
63cdc55463040ed0814a570e5a962086942a8ce6,093f0f57b5bef2dcfb231df80d1b2767bd57a912
a1588a8826b1d04e1d6a77145030956cd92a3771,ad69d612aad4a8f1b328aad72756acca2462fe4e
048567701502212f8344901cc3417c60b5dd8848,df77329ad625c129a6fbd027a279351784811385
dbc4b042ed6cb75586a4d7b274010a27bea285af,05737f75ef80e7518d985dddc2cb31203ae22480
02ddbf6dd9f0704411245d87ac5ed67dfe3daecd,999091de5d57db9afc83a586bc17765f62b782ea
1c283d43e0f90e0311988be52661b5dd9fcfd07b,2273d99b1fd0a47791fb828bcc1908f098c1c3f8
976dcf0f0115225e047564b7fa3a7ddf397b5f08,2dfbe3b8ebd4a7472b6ec59f3ea55db1f83941a3
ee1dcec95d5a22bcfcf8df912df6e796aa6e9225,7cedee53d224dc4bcc9607e75ca206aa8819993a
8d80de6107c1d771ce4b514e27ece9d546d41a20,affdee0d2f05b77c9eaea836e9562f89d518fa14
2cb492940a1a7c4464581257895dbebe9c42a6e4,a03205a877e8455e11d348a05f77283a06ece7f3
a48ffd881b3141799e910cafacc4322e9c3d370b,0f7b3b8bb2553e32c65dd2cfcaf1d8e57dc1bc66
1139e86762b4ab4e28dca4ae502b29ad6ee33849,c3269b22cbeeaba074c5f0a5b1ec929cd6f0773c
5d3a9b1257e825ca25ed52cdf9bdc42097df8c53,28448865f5a80e59e4b94dbb3c5c464dd4823d22
6768f812a45e4bd479ec9e85e5a5e226c15abd81,e47796885ad745ab0df0ad88fc2c58ef35ac7ed4
028e20c9e72515fe80dcaede4f6b66ff6107b850,de9a91e0830020817430415ffb6c02ca964270cd
da5c090538b5b31dfcf97d5b1bd99587c58bca5d,347e9ba3c43fc718c9a2b8e02e9ef2d960c5abb0
db58ee6c7db6773afec0cf0002de211f68b28096,0c62f1d29fadb03d746723e831c3e1d23dfc07fc
a2e631a17ed4667802272a9018d3f220e9b989a1,c7012b9e46ecb59e6b831329b410f484c0bda831
a918928c456e79b2de1466f25c22714b62ebeb34,70b6f609c09a5b63d7aa0c9ba54962eb7e285db2
64a4b3c9f2233933cee5030d9992dce30b5a7e06,3e3ca2da431e891942f5e7f01e9b9c9dceb1ca75
8d720102c25036ff7e2447e3a0102ce8e4696c6e,fc9e404712e9f0eac685d9447f83244bfc43148e
e8d112b4064ee916eb32dde681e76a476c315257,98272cffbe82fafd7b0f6dee1b5d7849e808d95b
0fdbf71de8e949fecacc10b6e226a9a1d16bda3b,5cf78a2f67a82eb9f274f2e1ba0390201c2ebb4b
b1debd73988fac97ec822b90f57d483ea798ddd6,50680bf7cce236555428b676f66a06f4bd6a02f9
3cb514b13986da7a36d67a43b8c7e459b92494f4,af43157051455eecd19b7b0e6d11b3a1cf151913
e509be587b9389d58b23b6d50230595e0b5b06e8,51240e29017ed36ba8ebe373883be583f76842cc
0422546a072784d4dd5eca2efbbb3ae2b4e26db2,2c269ad3e394f04e0ebf072ba7ef38ca2033b3a2
0f8a7289e932844d47b49e1262e48a2a6e72cb86,46fde0f01c4ff1b11885605324522fd95a32a498
fa54bc417d5d9a3a7c5d5ed9d4c22ccfef2bf34d,173ae9ed4015595b5053d77bf70fb5f8a8d3a50f
3db0e22ed615a6f5d89f215aa0a707ab52a5de4d,cff05756bf71ec0463415d7445741b33a4106b47
f1e1fc5395ce16ddcdea0d8f9c468141252ece6b,a3e9304f6b4fbd61acd593bf0e4735ce768cbfe0
5459324710bd75e3441182682e7a123b2c4aa583,974109796959e5c906be09bb20be8b1dd18669a6
88f2363f51530f78b5613f8f09e783aa7b88aa48,60589c8727548135f897df9555f9cd30d2d59149
1f050c873cd12c9bf90fe2d843ca5ea5a5bc8846,1940735f490f15b6135be0836f95dd9b405a8c76
fae92cba7717aaa2794a958884b9c20e3fc02833,c4f6d850e4faf1cd0197b1f7d12d75456e613206
43194e0161fcdaedbfff05b8873b3ba847137e28,bae6b49aa50d618f502b152f6dac818bb1cb37dc
06d0339209bec154253ecd1f1a1ac7b6e381ca2c,edab4e52f87c3b0ec0f7a118ef25ab33d789e76a
2e14207b5f303e100f11237c710bce0a35a30920,1d62284afe17b1b62b34d6eace87acabfd040c36
60e120c4d6135231b5d771ad298e0b1036c2fc6e,8bd6572fe793d8d0370b279e98b5c1dc68a6fbfe
3e8a308b644faaeca9de76fefa980966f66d4c1d,57400ad48d6578b29dab40014533e813c628a750
82dc0023dcd01b0479b178230f98146fae296268,cd64aafba4764d4e9837f955a5472ab025909b70
2f561177064d457df2b095fb8d2a414befec017b,22f4b473a15473af094f47baf7be1cbd912f1099
fa8289849cdf730aa5d018be329edd16e7141e39,2faec58f912c7d2d51fc21e170020533a9e0dd9d
4de4737426ad2f912377f6f317280a6914eaa0bc,94443d8a878131a008ef6a9dfa40c7b293770de8
aeb8ac2a534a085845a21b13e1ba77d1f3d8915e,e47a5bd92ce4006f327064574a058eaa7e57993e
4c01b2e5636ca711108404eef9a4199727dc07b0,ae0a320da72de39bab9351a2cfe789b3af184485
6f42837c7fcb34d051a48b778f70a7bbd60a3d8a,a6bf69cfefbf464be70cac30ef93b033fb1c8a76
562828c817062e541031ccae99326853c1606f0b,0cd79b5a5b6655171a68b0964bc38b9401d25c0a
d6590d96120622540bd1f34e81d815d96c0012af,44bd3e3e1eb6af3664a9e9a3294431745e6dba89
90974ee1c947dcbf2e2fc398cba0269ce9be9e41,c2df6fc6c6e269a1b19d0728322ad606b6558ecc
f030e29aebacea688dc33e329dbcaef728720d88,464cc30fcd0d3da84cc25ba1c319a5bb3c9bdd8c
a83796a52ef1c084e1dac2247544ee1453921fd6,27d6108e9445f7fdb46875678a84c42c938060a8
96573fb3061faa5a5147fa2de5cf32686339a9f5,0027091b2a6595cfc05127aeb94b3c9629c92f44
e185c2af987dd1abc68d5c52ebb33838254f7aaf,c118d4bb968954e304266715603286bb917923f6
43b9f7324df6a12faaf28036a7212f813f735a49,e4cbf34a517c94cd896ac0a14e0c9762381597d6
648025ae5f58cf4c893e16e7f598be14fbfe22b4,2b9d9ad84a387ce6fa85bbb81b06b594a36b6a97
1938820b67b9edbd9a673a258d034f57a2d93fe1,7461d41ae8430f51b81ddbb2dcbe4b98297bd43b
846910350c45a23ab96e169eca9f61f160ecad0e,0a6baff059226181c7fed2c8f721bb36f016d357
7612e4f8ec135b327a69cedd0241c5bc62dbef47,96f02b108da57b83d40501c458e33a2e9664e1d2
779b48dbd52fea1ef592c41f230a195ad8e6f9ca,bf10ee74d78ababf6f49c574d00f61ad23db9bd2
96175896b31c5b7aa78bca3fb6a192cb493c72bf,9a4341cdfd18bf32b74185e2ccd4c14e9bd0b423
a7a5d68a95aa76d47ba6a1f1b7e0495a9b48e66e,82f8a906b236acc42bd3cd39ad91c7d5a872359a
773e7a50b5c4c3f14614ed19bf4d1f7de63218a3,66b771403f9a90b4e7f3d702a5d1c81838c96634
c578ccc44be9767a19d02f60bd5c69ff8af9693b,4a6b00347a1333238f1f01b149511be7a30865cc
b02d474cfdb337ad288dec39fa18aefec97f29fa,07180e9cb6dfb4e439be925bf1b5e1553068e3ef
50640af9f1ad4ac0a46141c9c08ed70ca37e9399,4d56b7fe4d0a9a1b7850d5a05727b94fbce498ec
6fad66368dd16f2a16eaefee62fb6c33bbd82f83,698bfcd3f7fa5053d17132f468416e0bd1b912de
965f21c41c6a3bb7b35f4073794f411d6e2275d7,c505d59237917146d1ca95ab8485904fedc6015e
451ffd7fcabb1210f03da574b1b2ccc12f902e72,37099073542f60aecda0f0e82fd7acaeaf302f32
982428bf2c0a299a5fa33e781bf90514f20e1a8e,39129c6cef7a5d07ea242ae5338368659cc3b063
03f500948c0305a380d990df5c40c26dacba44f4,407f2fe6d645bfbb128144c191083676690e8a1b
9ae9a9e3d08a6d38002eb2af79363b6a4714bcac,2bdc3d7db2fce2d0ec71cd07038b58f3bbc46d92
24466c600382be21f3a0e30af6969d571e991ded,bd5f0e12f35d6c80634fcfe915bbdd9a045da3f3
861691e0e147ee07bc54be9f9c89849fe3e9b7a3,b25c49d7d25dc4197c96b0c7987733d29d6afe98
4f58321e95661522547ed1bbefe057e828d87c05,74d96037453a120a85ba9eed630f91b60bd11d74
6be74eec5bfa66a596486a6e11d6d69b4f585ef3,503d831972a197ca12023813c4da40d14d961b78
7bbbf5c16f502398456d6b8cc9167d770550ba55,93fab80494c97044546e1eb1df0c198cba20f85b
e0866eafcb8efbda062ab993fde891b52e12909b,9bce85db0a6e96756abe66a7e9f073833c5151ec
ccba6e6a4cce395f4ad22c8199feba11433c2ae3,44eacd03370029a794b6d6b982a14ccc8ae2987f
6d2783484a0bf7c749530b4007a1039345cd1768,12379cf2bfc6838cb0f3c52ef15f963eafe4e77e
7e82417e0bb7556107f5bcee71de17ba27add13c,4a14fd237b78090f45b955d0fafa1592a4ed2ac3
4a9f41b5ceb73431a15cd5c0220529174a48a802,2b3f30a632879b82c7f1c4f6d6a844eddf6b7305
7677964ced0435e9586ebf182ac7149ad3e7f1c3,0ba06eab2fdbc43540319aecafbff7d5ebc37454
5953aac2b517644d6d4cf6a4ec3cd6a1f2c63acc,94018d40ee1411473b71ad787dd3f32a2457da1e
a69e1ffdd6d36e3f1b75455eac26d8a86e967630,51ddf8906c85857c00dbfc5185d9cad549f4eef1
e5e2af9239c5f2da0c45d53be949a877da5e4465,b6684ed37321723023f01ec5f24af385c6b7aff5
f84248549e5662d1177b67ecbcd0c6f2dad06864,bb30e2735b2a60a4a3cd017b921ee80c1331edef
3c165286f3cb2176fc0523bfec603344e463e749,3033c172ef7dfcf8f2cd7e0b272522b302bccc67
2a10c8b7a181022e710b3ac3fa784ea95029ccc6,f56cb554c8c9e3158b62f4582a7b289a404542ce
82f5d2f8b90a52dc9f84a43f19cc294883dfb4bb,6ae8d972f42bb6ea44f88f8dc4f7e7b2df1e8d9a
4a8732e464dbf6a6a85ec494b9659c5f8dafd7f4,31368beefa53c7161b383e87d4dfa5618992d2df
b6583b824325d16a9b5ab15f63e83651f9825c26,4341d4507eedade86ff46bcf6534dcd8fd725bb7
3321517e4e0bcf6152f19ac674b5681a8b36cdbe,548c977076bec4ea089d11dbf75c235315b50e33
216ad9966ccc2bc1a74d77f88a84e8406400d46b,e6362af0ce0c218e6a87fa7756ccac51e450188b
6cbde910027c166fa5eb2d34cb5e95ea8cdd0209,95afdaf78911877371bc3d156b7f20283a6e5116
46f19bac499896208ef3b1bedd94af26b27722e7,6a978546f95703fa3f0964ec781af11df7bdc6ab
128420560b6562462e3d63e487a0c746c635f11a,e7ac933918e5dd1c953ab562f3ea3d47363217a0
92615a1518457b5d2207fbe66165e7b2d9d0e863,96d40e436d5d739f91d56fe69fef0e38aff4e2f2
dc91de24b0a0d96d1e12c8191f9ee3bf0597529d,d19e57a304d3cfc2e02eeaee4f132f66e527bb0e
62ca9345f48604c0748c924b77990ef80cd67d46,0df83fcac5e379007fad0c3cc6e2c7e4ea3d8aa7
48b8287ef351f430c188e03e60bee30265b25acc,95fec04673cb2aa585f17f629a0b0c1705c297dc
83abf05af318378b399d2ba265c58c229a25985a,7b647d36aaaf992415af49cba0ac5eb46376a884
c31dc2a129836adc683c98c27cd2ff02ae9da744,1f65509a057181c784ac49336bd6bfe53d26eb41
e01ae71e64609a50e0f04030b2eea619d5f5a1e0,2b24dc2e4b970ee29d084ccdc3c640d44bd9b9ce
165047dd072a613e387bcb7e4a76210214b84c38,d6365669ad83903471914dacedcd536a2cee0744
c82c5b57bc820dcf13531a2c7e59a812ceb24813,1f9f609a790a16fb9579b3128d119ccd6b40a1aa
9ab86d6a38690fcffa272828c9c4704e8dbbe0c5,367b2cbdeee8c1c59a142dba9f198baed47b76ee
dc4dbdc399bb8d418031f60a7ec19d0fcf24b56e,14252e21482179fc5e38f1df3f27a9421056ce87
ec24b42b17d6160a31292664f7d490dd9356a18b,9c8b508348c124b808714344f66313594d54da3f
67798713acff546bcd4bc59e9652e2fc2b2ae6d0,86d47f6275d0025237b30529c9429f763e2ee7a5
f0c59c6c25120fbaf2ead7ccfddab0e46f74875c,2fa029a4797f2f5a2d3ab00e2518ce0c86a91216
3a7f0ef6d248593d3242306c692f40e83432f612,f71ad13aeaca5c821ea97e879eea0fa51d366d50
c267241a04512645cdbfcbf09d4a3083ca364cbc,766b5d02cd53ee8d5ea45f964c49247c76f6f79e
02f7bfa4af50f9b93f17e0b77a5ac9f2de5ddb88,417543736ef2b291ebeb64bbbe8ad1d1b8094d48
f46abe6e1bbd756215591d5fc9aa602a877db819,8cba61bc85f5c669b6e9434a24466cf98ad85f34
e4c096ca3c84db4f9ca1c1a71e48e848bb8f2d0e,9691d8ca6a3ba3118c14c9ace6aac8e3c79cbff0
c9943974bb56dd16926d8bf01fd930910d2b38ed,a34642663ed61c1f233d81f70941ad516bba2ccc
c911d17fecce1789cae232551355f30438634ab1,1898cacac4d5fb1432a04838902fcdeb6b81f888
9a051a53eae4ecbdc7a18e6f2a4f7eee143134c2,5dfcc87bbdbaa648ae6f90fb89c09575cba94cf5
fa7455f38db47f2ca9868c16389ec90bd1e3b00e,0fd5f561238050f94b81be5e7bdb8e6343518997
7e1dab374b07c99dd72d6132ba50cb42c4cc641a,60868d8114729e0066e2915887561d74572105c3
a0fa9a4d3581bed201cbcab97f09fbdc197323ba,3eb05e11ad988d270395bf6814efe01efbf4c8ab
6e8045b940b4a4a4732b9901bba001d19240607e,9c22df5fcf4d6d406083184a36e98b15523b46b5
74438db1719a88569a4983e74d572e44e7d611d1,7754e19d8c75aca08811e56ff3feac219bc35434
7e0597e1b151ee28334d0c5bf8091315a25d07b7,b329543868b56a36620c417d6ba50e3365f0b1cf
a0514455b8c2d15941907349540f90747de0307e,8619d594fbdd5d72cf04db953eb796f01f860d60
aa381d394c9daa5937441acf21891ec65c468684,41aa5d736b475e1ad63800a1277787c24b24f814
8c36082736f2e0e6f465e00af0e3c1fe3f39ae11,22c7c83a7e370b4dcc0087f002503d5bcd4f5155
c7abb9d1656b91351006231b8a938ae0f2f3f575,e5e47ee50ab95073c77d4567d38bb24ca2faf9a0
65a3462b1152794776d7ee2ca85164712a75e0ac,2a7366273a729fe1516bc192605c729d198c6f9c
0e6a731d91bb7534616fcee48f845593aaaea4c8,09b102377957d8ca8140d027f670bc23869538c3
2da9cd0d70a1f4537912bb034ab837cb3e0c005b,69e7b4585f56e8bda665eb03ef2e9f0059493b13
662f7174489384aa9f974b43ecccb058c7140307,a52d47cb5fc43d4f762edb0324988c31f39efde2
9193395c4de3ccf33b8f59397b701ad9e2cab3fa,bbab95b82b73cb0c54fe39e9d1b71c80531ef5b5
9b4a057dbe6c960e5d2844502511328905695d9c,30aedcc838abf4b55a6200d18e34cffcf168c869
f6cb34d52e69abff611e115db00f8264f0cc5857,6d55cf7481eb74b6db99a3544d06212521195a21
2d51aa550ecc7f663c49f4b86fb56ba8034d5700,b36a9f3ccedbe97b8f117df0eadf025881ed0c90
f68f60dc99c019c8f9cfa4eb8e84e7de67cc2388,fc910a5a15aff7bcbac03d91f28c14df38c1745e
7f2a5b25ecf42aa56ed8cb6519166a9bc1491d9a,035466f5633c05e0fc98a7f899251294c32f7dca
3c1cd6d2f01135d8c7cbbcf30fc91e48e4afeed5,d01988fb5c8cd425fe5ffbc654d18e99d24c9630
bd82031247127da9bf50dd46f0373b8706fedec3,e75b34fb78bbb044733d2655d6a179c8093ce1b5
05e32ad71af4ca6a9a2cd1a4ccd01a54506266a1,58f9241a14db904c23ec8ab1f29d8acfbed0644c
e7f36782b2f661628d28195b1761d492e2812541,675a792d2d4c6dcfc63a1e3745265142598f106a
414a570d69cd31046e76c547bab1d81d2b66f115,be1402151046e7dfe30d3e6f922e7b3309d19d5d
e69003b40aae02dc3d60f4dac2460d4309cb178b,0e221cd71d6c8921e5c46af9bb92ea67183c2936
d8f17a1f7f99b39323aac8ecf78c9e2fa7b136bf,6c686ba5d8ddb5058f33c8aace6a113064432e25
4c6971880e0e13fc2d2d5133f8d2b08e87acf785,004f3945e3fee8292f2fef86706a143419c9a4b4
d3cc39988ace06777660e4ffd15d3b3fb46d0c14,b61a4a6f42607ae72d59cf45e76a2ffd006aa3ac
8354420471bfb87b823f7becd3a1e89a394d12b0,cca8847130a8cd4fb5be783bdbf4519a2fef830d
d24c958ed2a9b6b5687b6ee2f7b4f114cd3ab472,9b1ba4ac271526c2bef3155ffe338265a9480766
a915df44c8f45c0c9c91e38e480571fcf72f8698,719e56bc5fbb0cf3b2a9d30e1dfa5d822024d887
abacd3555442bad3fe1ad74c0193f3da8dcc427a,3359ad63d5da52fcad936c126932b191e91ddcac
b74752bc2cbcde523ddde33e9e64a108d097a1bd,367615ae6d177d7cd997dc8e5089525ad24b723e
d35f851b819249f6c34c2f9f003eee6a022111cd,a91dfa424a40f28de493a64f38a7fbaff8c7dfc4
f23ea82350e21c90027287a17d29e7e49bd54899,a979d4a7d98180ee634b696a1e78b516ad8d4bce
49cb45088a23befc8994d4804cf470188492ce51,843aad967e404eca4352cc3a2fad4269f32ba764
064d537dca62d386d09a4cd9a26839b4679cd983,8a7463388cf6b42e9a28d12487686c606ef12eb2
dc2dce08a4ad677d7f37a19893a93658c23e2155,b9c3628cc57af8ae0b84c1f4bdd7b6c6b07870c9
4bac77ad15ca780e5688e080a073ee8e56a30084,da337dad8bfb6c2c49696b859f57e920dfbba20a
21cd6c7972842a79c33b3d0b69dc748470473c1a,7b4304a7546f36d02b1a0b54d8e178e904853c23
7a390eb5e6676ae7cd6b4c248fc2bb547dd33f13,888b2ac0c8f8351c77bcfd95eb284e97e9de62f1
b88552c912af807dfd5cb2ffa62ca4ad9cb721ae,e8bc0aa348e92157f8fb5b75b0f0b8aef55c73fe
7c1a431b8482e221e935920e1a4f59da0503b75b,bd57634650b66bd365619bc5b82113873130f262
9e0da09ba1a95d5e4b6571a8592cde2dc9da0882,9d976cb12161b023326b5156ad6979c910f94b96
b67763c6c8f50e5d044e3da478bd1b25210aac84,891347235a0ad7ed5fada68cefd4ee34eafd16d5
6669a7fc7a12c2bbec1b2cec38b49f8d5beeba00,c5c492db56d5cc38a7bd9e55061f875a203b29ad
c99b37f7b2a677ed7ea81276871fbdf299886be1,61a87477fb07dffa73c893e772268697203a26e9
f2b8eb164c26c552152e281127920326f941ae55,eee69cdc37869e981116965224be679d5b544418
174f26ff143c97fdea5a4050ce9e14970fb72069,dcac36c67689eed92ec43fa9b7b7daeff5b1f74d
dd7d42229658099e703459b7170615aff213329f,a701b33b430cbe2513908ff40d61320e68d2e9ad
05d41584928d949db214c9f2b97832392a77fecf,4563a6b1af01dd40b96c2e165a8e38b00ce34b20
1e4b9a0496987b436d9a6feeb304a17e44c280ed,f797724a42127d3f46393918bc72b2b3f4c35a5d
16308d3d98e66a5d4f9345591dc9f794b6554961,d8a4227852ca84b00d41a80739e16fd4d622d511
aef9402feacbb96f1d3e45b15f6e952d478ad2c8,e0d33b25ed584011ff5eea7d93f34594070fd4ce
f2c1eda92c16b9f27ec5121e5de97827b7301266,e37c7fb6eae79930105155e3a173ae2d3d052753
28d8b2ee444f2d53e7d66b6f6d7c926e5b96b58b,949ec3eb2779734910bd56ef34eb1e87eebaa29f
3d4d15a64a8aab708200d5319e4698e6a1823e5b,f124622daa2c6b8fdd5020a6b182aa3a6e67b712
f718fc73b872bb289d6d38125df36569953348e3,c4506e9a7daecc04862c4a477d4dc368f975bf6a
081a02567dd2f2d2685f80686af596a2843a9e90,a9d4a38d629064897a97e53dbfb40bf48e989855
88d8a36f9ab8a6bec23da77e1dd2fbb1525ea06d,435440fd46c40b2162ec372cabbd3aebedca7384
dd8e6aa9e34e41ef69d464a912ec7f0d59291324,de820a44b3f6a69143f76f16502ac13bc290c33c
884128797207b259b403c5f1af7e56fe371913d3,9ce8c137f33d5f35a0062ea5512798e551d959bb
79ddd9152a0fe536e473bb8ca0708a2baba9b846,07bbdf0bd0aa42e1c9c88bbff499624f79f9dc0e
49fa213dcb6cebb3257871c75d8686d003fb2299,eac4aeaefe85be5d5c61bec080b4b41abe8d7617
a35c821adfda434681ec3da48b45d39051cb5561,7905429e46a7daf9d4b1e73a8eb9926701bd0ed1
424c5a33026815259baa90c2cb22fedf4ebd090e,2b9ed6e724c2ad93e4aec6decf8e6711cc050cbf
c010354b844123001686d9d763859d9658855101,7532280948667a459885a0696b269ad75bae977e
47dccc7882777495d8b59db191c0d4fdc1089faf,5122d58632f19529176dcabccadb08de9b35063f
55ee4653006e61b5b0ee27c52eaefc0ec8499686,03c11cf9b7f8c16f4ad20f76ca6fb37f29101a49
3c3a5d0d25ecec936ce726ff400143326885ce7d,61ca5fd74818e7f8d310e3db68f9ef04c2c33edd
f350441bcfe3dd148c5fa4f3b688a31ef29cffb6,d21c693e8f0b78ea4032097fe4e2a864af713a1b
8d7038ba5923383dbf8a55a3dbe2ba5f3ad76368,c17aa340a242ecaf3df40ae6934022706aabbf57
37bc6f53ad493e883928a8f9d406c2d3cd848152,1b058b010c4112cafc72f27ec5b6bb9ff29031b5
f04496fe7353a8348ab0ca820450f5f91552a58f,e46d9642b8a9561b03ad64cdd96791a4aea9de83
e1add1b597cb5e51b23a74c85e455b56f60f907b,d505356346daceecb670c7d1e98fa363aca82340
acf1db9eaf079eb898b8958553908d15d4b23bc6,cd70a2a63636c3580d8746e72d1d6a5240ad215a
67b303960a212af11ff951de855823e9a72dee82,324992040afd94d674c86c1ef19b8e6d598c1170
c514a27aca0b2fd55c698bcf8088cbe426bca192,e0cd2f165e3fc626d7e3ce6341d6b5d6087e8ef8
b31696e4459332f4a4bea9d148a52ed3d01c6747,c77af682d85c1c0f06d3669e656d804f696a4428
7cf5fac1bbb05ba32097242bf3d08297999f0d67,5e5c718c5efe81e7ce2a0bc728e272be51aec20d
c6b76e2b2bfd3cb93a35fc5cb2ad341df8ce2c12,d4b0334285cee84c86b7b5988e59d66c619d95fc
32f2d6c861b19f8d1b3f846a8dcddee2807ec32b,4c188287ee508e04b239602bb10d6f5c247cb007
ce755a2a22da5fe17af079af46959475544bff10,bc5e3bdf328a03799cf8b3bc157ac3cdbe4417e7
d6c4c7249c197119a91743d5c170f6e399a7a714,f19c46cd9529b78d191f18991fef15256c860871
2b15a2b86510ccc6a2cb0e5b84ed3334d044fbb9,9b4b93488533abe629e36b7c1f531cc5fc8be970
a3057c3c2e1d519847ba9c75d3b5fc1e30003415,a35241fba061aa499169a4dafb8fe034aea748a7
158c39a082dfb379b8d4afd197c564c07a0065a7,d8b0fe0675d6aa22fde23500715659df09598141
e1b582ab419c5af9694f764dc6594269c499ccba,d8d19ce1d5be7e2d43dd8a66e53d2e9f403d5d49
0610c055471a945c3d816adacd73916db54a1ad5,18b96eb0a8b7f6743f892bbb92e9de2ebac2f4e0
28504f08607ecb1b9827fb8119b7dfb08d731181,472ba119e1d371bcea380fa1b3a89f87631733b2
e835817db50b8fa6d23af3fd23748ba5fb9af431,1ab44c0e345b2ac76ef832ac27e8e21cdc3dd1e9
4cc185d3c670340d12fecd5865271d2a7fb39c9b,a0771ef2657d0c8d38c891fe90a0ede61885c497
cc6f2621868806c91e41b532792971f593ffa734,21c5c4428cfac176845ba980bbda3f38a75893bd
ddadaf93449bf84343a31cf81e8b9b6cfbc50597,473388b0c3a91a4fb28ece0aac3615bdf35f4b31
71d600d8ef2cf870e9c99120e94128a90d63d7d3,b419387c91b6280ab96bf65e0d98edbe219e7e4a
1d5c700f786336789089c5ff554beba2250b620e,93c6c6ee7099bafa4844b3900e638292ed1bf466
0d23893fb5f2fca32409693f158b3d7f5303255b,43d984846d1ebd5b46957d3af17c8d2277305e5b
8ca4c2e0fd3086c0969dfb789c40ad53ab40508c,59947ef788c64f6ee77f7acc3ef7b2645276479e
d914e2daa1daa7b1dc79208d24c41d612b4612bd,12736297e5480fcc815e04ecdfa75d27b4ed9c20
e163c42d1204f79d0237cdb7752a1cd4dd7bebc0,88a1646e3aea2ac5eb98ea23cd66cff3bbaf231d
550a85283263e6df67a2fb3ad310e374ac9f33b6,71e704cad832aefb1b5a846c6b2f075a07ffcf16
098023b4166ebc077da2f0479ce5c0a7cbee73ec,adc66ebcaf7e0a5d79b2027ec4bde5f657283a37
616d32917318c166984578ff72f738a85829dd92,81fc21365ff04df84f848b1fe60f4a2fd6e76e64
f193f14529888c96c32845b4d4a1334e2c595b9c,004f8716aa2c552285d757a860a5608d79203ffd
90deb8b253fab6e756c45d9610f954eead4e2939,8243761151346cb5e51ed684ba5a9d30d7e8ff67
e733882cff3bb119a9fb9c49481dc2f033a43296,9c560cedde027a7bfcc32d5683b7e57ff43c2af0
287743a8300f421bfebfd9e38af89ab0536705e3,a83dd217079889dce19008f1fb1bb1513241ec3e
c219c342dd64b78d387804467e25924884b41e5e,55c6820b0853f6676d696978c7a8398f8c5876f8
d313e81e01e2582d7a768352fae72fabbebb56a3,d80852f7bc5886b1ba8598d396a2112259376934
bee3f90069cd75c65334926455169a5d145a343c,6aa089394fb0a59dcbfb2f8ef83455d214e9526d
3f6f64ec5cf288ac87442725552df30ba6ef164e,33e7f410008f5e42e4d8fb9fdd63a43f4a66ca1a
eac7d6e28fb67e20553325e10df38674e78aec3b,445c2589841254265066521845ffbc09e6409447
c199d165f322033a5b5437bda62d1c96d4ed2141,b1dd561ab53240413c5aefea295b49678a008b0d
ffd11978c1045d12f22a6f81b216fe53d7dd3634,b181138899e79e26fba299eebb50f051755a5566
865d5b550ef1711a2afb87fe1a5e08c5da72d3fe,efd0424c6a33ae66752bbc90ad8a0bfcb87a6e54
fc0d8785a454ca8ed1c7b5e01058310b54adc3e9,0fc1ac2c0106e1972322951c264325e9affbdc7d
7da4524a9c8ee294285dc42338b9e8af9d836b0b,e0b703f3dcc9d5d9cd6974f4e4299ea866c8e532
ca4559b14c75c015fd4d0db308f8537a2922b07b,182d36c65aa7bf8f57edb72b1055186ab3615d80
3df67e16be0c7f866d255e8ea2bd2272ea7edeba,84e7b2d3fed06243d331bfb1b9a5eb876a9fd223
e688f77eb4ae9992a4716e1e9c2ac19b4eee4e5c,bd4c6e0fdf114679916d61a42261b8e7a9fa9043
35ee8ba822f5302767ebe6f608eeefd3aea7f8af,71e62f1278ca1c5631cab689cb63c0c82c978c19
07c74f24b110630120c34b13795cff4b328fe02c,8979eaf3e16455ed17b1735fdcf91bc5b32b5469
4b46c0a9e19895c6e2f7086c633a655ed5d471cb,21fa2ff48439bac62601325c34d2eb59b0bb4853
4248f3f584d9ec8e7a8258b56ebbff14d4d54b3c,cdc2178c67c62ba42dd3d9214d12798263666553
79543dc111a4b1daf0d842ec18498b5053befe5f,737f10c6399fa5d140c7ee02801c73cb91624e1d
4af5a727dabcd5bc2cde6a1b9ed92710a6341113,47f68b0cac6398398b71115d32f944b7431b9377
0dded641d762d999748cfc21412b0bf7c23647b0,0975dd6899239c90f005c1b9871a6c895242800a
1a796b2a827b3dc4a6b89af13decb75a53b1d19d,d743805441652249ab35f6bd36e41c892f9b7820
b617284e0886cb70f5d6b821ce2766702d08ccba,36ed3a8bc54580e24890f258fd3be605c1731d72
e824e90a514719e69027ca59b65f31dc5fce4a42,d2b3dc697374345c1425f14e1a1c3389fd5497c1
058092c408062d2883ef5a5a0a3bfe964f7ae1b5,2a184b983e3b9210530b0286e03fda34d0795041
3d67dc4e4d03f7909191cc0df03f909b4ba939e4,59b7c11e4ea596980712ee390e440779d986baa4
e4eb33d329cb2fe7aa0ee24f307996e75d9f0634,a3abcd6e5f3e75a41e92f93c3e707db3b7937107
ff94cc4819686876d14a11e281aaa01a2a440c72,cff1581ae9e04702d36f71f82c710ea8b06fa95d
bb0913f923a95b95f725db5bf7a990ff1717edb6,aec3b8d93a9a246a4a1649b42b98716aa8470f6b
145a5aa418a485877d7e9e4607401cb21b03001d,1a3f4b92ae02024edf130af60acf2e40cf9e2256
8a353df384d3744e6f60e8d207aec3f12a4cc4a3,3fba968a390ffbb6d9a14cd7cb2f15a518ad3ee6
ff789d0cb9be41437203a48eacba04dbebdb847c,61adcd781a4b19b0ba8a55c9fb62ecdc6812114c
26ad9feb6c478df86fd224dccda58ab2774e9318,997e0d556e2711c172f2c2f1911600e1979f5c6a
769f58bf0920d31704af642df78ee9e5a5fb027d,4d25314d71807e1f0316d43f49afe287b2b8e7c6
0eacd7c1a3d9dbc6233593ce46309890cf21ab7d,ef77b90f371d7516a68662b8760091c50054a6f1
5d1d20a39fad884f583e4a58566b9e30b9ee2bcc,2e6a7d8ecb1cf44fa6e14e6d1aaae401d2e05a17
18c63fd70c6577cd9d39e001dd528ddc6f147af1,c560ed4baa2d816433cbedb849d4c6879321b07b
ca0ca24c940fe4ef13c691abb4887d87813e743b,c109f69170f775b255fab5982241b6bed7afa433
dfe4a7de7ef17b98114d130b52fd765a62507d65,ac00a27268b9896f1efa42fac8654aec796f02e5
9014f26eedfa72540c1bdf04aae259b9baa18e4b,a66759461284f7117d5d180a76ac7283b447bd13
441cf20802a48c1fb12f35c91dc9d54800369e09,55952d72dbd458f05f86a017239a0ab20d7eef8f
82422aaf1838cd78dbdf241ec4726d6dbb5d857f,45c2ac64b9d54f31d0c47251db6bb9ba1b31e4ce
8858fe31c57278ce0ac627df80188161f4e8989a,0b5f5bc4fdf1ef36bc662d3c2e08b411b56abf69
953a473ac06629569b797661410d830ba51bda4b,30b0c8a3101343bb6c5bfb0b71a5d310fb710474
ecf65e32b070aa263488e1728218e2e96dffcdb7,f3aa721c372010363eba2a37682178242285cb34
7cc10b3229fe8fbcc659167e924fe5d4e10e9964,9b060e73830c2fb3671e7185a475a7006ee6c837
13fd79a81cd78866a7f94ed0bcf5a325589e2bd4,aeb5639f2cd4ee8af12667437a45841b0bd8742d
cea3ac5811e2a6b0f6ae16f648b0c1c185628c99,b7df8a600dd7b121ed604638c3014ae380279863
720545242a6a17ae5b4c51245bcf973025756c05,160a6dcaca86b61168e1abc4bc0bfbf04106bf75
853e245de241ba6aa2b8a0efab993f83573e75ce,d8f22c0ffff9714ab4b2c7b0a0633f45327635f8
2136f326870045ce8edb935f1cdd515f91b11627,fc5807075fb0684e9136b5b38b7f4e1f13c0fd27
4bb2b66d2083b2a272b3b317a8f5cf9d00fe6662,f094a96329f709defccbc40a02d0bce6d47f6eee
280b1d490d9cec60d7c262b10d3bb005e81c524f,3cf3f905f3345cd7295d467868d8565d311e691d
252579af446557b2f1ca0e2fc96fc323599abe5d,7766f1838b11792e31f86e727b4a88ad34c00456
f3ae55db3ccb29662f51f987217f904289ef7eba,11a46c64fec62bfe67a0b31435badbb4d3bd1c99
9f94b7992ff58b59d99706dd113a75017efc48a5,6ea209714d01ef5dc2846398ed88f8eca2b08ebe
68417d2a3c4a183ec8fd4fd1081de979f2a17fab,e53a28aa29ff7b675c28f37b2ff2f9a07a1fdd3b
1a005d7905ed997aac3d744231fd56d7156a1f9c,5f679326b65d618191d5f72839e89a533c1da820
5ba458f0170d9641885a9abeacf4febe9c30900e,c3747f47ba7437e7970d488b362d9ea5455734fe
9056da6c52b9c28a510f45e3e4544551883a627e,838e91a68a142432f076ffb04e46698b8d5457c2
5eac0f080cfadc4c4e4500923ca6eea9fa5066fb,fe2a341883c96144124d08af74afda3ba1c73bb1
ec3f9679dd843695d949334079e71535ecdbc2bf,a5534f906b0b74dfd3366f7e1ce65edf2a32f11f
198944ae43fba5f25966ff3b40352dd32a91dfa7,38bc4083eb7246ba22a9a69112313900040c7e81
af542b5c9340938982d3d4ba14fa9bf4d07eda8f,898feb5a156f0065de7455676b13adc5cf38a469
247f247a8b42cf3ebcce7c87916ea2c78b314b61,975f939a06c257aafb0abebf1127d08475533fcb
b5a28ca2eba2846b79bd673060064adf770182f2,e48b05041a80b05f60d4d0eda2875d3752011073
24ff5a797d19f7186f8f311fcb30177a79919e6b,7096be073a05628175a18656120ce3229f4ab194
21541a3efd9d88dfea91b8fde869fc04117c672a,aae226084598bee0d37c60efdf3694fe2639e9f3
1cb809cf322e1dca83cea4a3d02e2703f25fadee,6b8890e642deb3c0505d5d6ff044c099950e5dd4
4fa53b8dfaa61321aaa3989f2d3cdf8c8d536f3f,708d8f7ab96196de72085f57983fc23d60389bb3
a304ea79df1b168b3c4bd7bcd74a20d7ff37a46e,75258c5b2dd0ff3254087783f0c3816f8e831e74
7c01a937f794308eff72661d9c1f9636bc3d2a5d,3e8bbb0aa086cee875a10e81c705b6e6ef64ba82
a7f71e4b4eea34ff26824f8e79a9847353846838,37c6e3fd83276081278ab7dac8b2862d7a09012e
d1c22f01b32b3f40fdea26ae8bbce474f8725cbb,a7b15d745c9d2955343f6d044c135158c7e5bb25
2710b2a4b43cf484329ccd7f44f87b2b292fe5b2,6eab033aba8ac10b6bcd43eb1e81a8dca3fddd00
a1c3e9f2f0cfb7056af9ac3b6f0e46a7b39814c0,7c365f70803acaded5a54c5959802a2167b36b48
030bf8c25b44a0d3fc35b11e4f9680f911ef73cf,80033bdc306388e4b880c6cbe298489e075e4fc8
080d5010458f6a57ccfefe5f81a4bfc8863c1f24,3215cd4560cbb2b9881fcf6a0ef5d1d77a17a5ec
b748896442d1356c1bacdfe9aef24b3c377ef355,c35e3a9a9151adb78b9b5eb071717debd0f202e7
b79a1fdbf533e548b58179c2bef2f511c10bee5a,20f6eb3ed142b2f5307deccaf72ad9c590030471
9a1b0820af39e2b6800307287069b8c088d1421c,28dba1c1374184bec04fc8dbeb4f6acd398c93cc
f5e9dbfe8d47303e6b589d99f19077bde4979fa6,bf55419c31bc17085c71d6d4a6a1a3f233467c8f
a7a70ff2659ef46fe7653f0efd34c4c57761185e,0e5f7af3fb3a063a0b0a207518c0f42291980586
acb0ed39de5a9b84f66e7eeb02473bce85f10d8e,92f137ce2a585ea8b986589d18c99c8e7644c93b
53b2c255e39d1fee90712b00a6973c67e1d15b74,26abec5499e33060c2edc1ecfef98c4ab68fce9c
e7e30863b2959f264cdd4403e5cb60d1d9536d47,a532384ae9c86ff243776fa8c806c2e2adee7d66
8da27321e4fa640e54cabb53a618dc89ea510807,b47603b43090f5462bd11d431efbca49b1678d14
b6246aae49e3a7721cec12230423142efa8a04d4,4884b498b303979824c2febb78c4aac3d17a6f8a
a0ab3920909b8c96b42b83f31afa0c13713750a5,a652252c016902d26a511d8800006734c76ab25f
3cf0e43c612c488af7034256aba7e4cb1b4bb7e8,0f942a623b7fa0fc14bad86404eed6c586052512
3b15d517c32fc1667f8836f10ebcdf373882daf6,edebeeebe05ef04da0a55c8dd409ad38b9d34922
8f9e3ed4197e9a1d2b3a3b3c84a6f2567eacb561,7e927effaa146b74c302889c6f277de75d65cd20
1226a775aea5a76894297237da72f0f4f4810f45,c0eabcd1d6798ef02a7f477b54417d3746ec99e6
31c660930aa80182c596e4c7434c982b9c1ccd0c,58441b551bec03b316377c60cb047a8fbc9d6439
c0a4963cdd18f799bebadd98928366b6ee4ef747,cec615c052d61e2bbc508b8cbe2536b5f763c63e
c4f57d08082154de597ee853f3d517c82e89d8a5,1e5fdaa0419a606d2a0639c1dd2f3da05f5ae6eb
c099a96f45f22431304cb8334496249a067b578b,6a0e51140888c7e68e212c2d656d16ec50398963
624f77da7228584e0a8334a4ffe13eb92038326a,c37f2b996a9f13196154cdc13127b5236330625d
0fc17572b447b375de5280b7ad1c03036d7aabbc,74cd46ac476fbbcb1984ed2be38ab6cb895c227c
d0e72291b6eb57e16c69a085c61369844b748c5e,d3b89dcbc625c8cc75b48d00d2cfe97c0dcea0ba
090e5def027d79879fc0b00c90ee08d5c8e766d9,426adaf42ed33660982c4f7ca6acc84684ee5cdf
7d29dc1005b9d8e8792ed556c98c299d20237ea3,b21b2a4d33b3853997f193d20b43f4d1a30d6f31
bd754126af1cb41874f8fbd9a76d01de59878348,b86aadf9cbfec89d0b25b5a706d01083377a9045
3e9d69f50028e15266b2ed134a14ea121686487d,b92165ac4e86e37db2bac3c57348a7ab942b2373
1e7906b057c24abd8f54563df1cc12b7b7f396c2,294714157fcdf1db39cf05e1402ca0f1a38f3d2c
ed9b4e7f91c3cb69da95551a2ce069b31e24472c,daccc4a157c742ac48fc6f79c8c612067045306e
957a9d587cafd219b670a6e3fae5e0fafb2891d6,e3feb407dd89db0ef1a23ecc215d815e55b15221
74fb69f71b58dee3a424d973efc9e0606b675804,ab2677c6482013c95f1f228f693b2e1d2cf4be6d
2abd6d8f57af833efb75e2d3e0029dadd1e6fd2e,75e1747b54d306f6b58c44294abe030996c471f3
d6c800feeab4870541b773f69e8b6d205eb7c14a,2bbe1bf3c53e318f8bbb30a078a7b56708601b25
227940e202c42fdfbff0029112184d9ac87da8de,bdfbd1d00efbb4be8e3cfdd103ce13a50fbf6725
04dd38984b8eb6e9735a7d12903fe7ffeff88de1,7dc6753886844f569e7703cf25e3f87c3c0f8249
bc911797c56b51e4f74ea6b5b3fa7923d03384e7,8008a437eeb5b4390d5821c4aad9fc3a45a6adc3
4d25b93ed4b059aad11ba4408f3ad610283256d2,7e562bf2d2735e317c521d3e2156e38c14f25349
01247de3ec769b5262527b1da5b17ccb50256486,d6af7b0bb43efaed0a4f88a62bfd7ef1ec24438f
91d1dc33f527f4761d083090bb630d6df11c1d17,6e55c23e7439f07a16b42e8b827690ec8c1084e4
710f50e9008394b5b101ee67d02bbf030363e411,1c905c2080ae4b825d32816b5228c11a1cbd52f6
e4734e461c07f269b80789dad448667a38212269,ed985a837b9d4b43fb44ea3c616c8a470756fb38
df9b2915ec4fa2991409c1f9aab8c925630e73af,555cdb12a6fd4fafe27c83f1a49f6d13510c1eeb
a284ffedf48a82b3616f9155e43a4641077ff1ab,8a4f6ca4f546b897d451e6c5b1c9bbf4998e5287
47ac0a29427499df35a2663899ac2cb03f93df6f,0356679c3c3ab9238b441285a3a4eb52f031f61e
6267fb862d9929fa778edfca97a887734f78de19,d397a3b5bc1aaf9bad182b2673daac79bc0580bd
d3d5eb630752791f25aa8251ee0827783790cc84,30dcde819a8d29b50623f398b0c8b61182e4ed65
02bc91d7108d0560675c5ffb204e457ba6293136,cf9533e127054f537837ff3330bb1f93e85057c3
7963279acec58a641117ecd3de8d1d1400e39e4d,249765b153cf9713bccc6e75750e317d20eeb2bf
5da0fe7050fba2351f41c376073a4f5d84e05a23,2d54ea6923b5a8235c462acc335ff13fa4fd9197
a3b3a1576161b4c3963e1372a90ec8f2dfc1bae1,8367d86c0feb434b3825450269302f3ba5465d84
fdd1fec26849258d49b20926e505534580271052,3e8020c2a47659c5f07865a77de0744186e9267a
91695662850ac294ad22176a0d00ae8c5c509748,4e028514c23d6bf0e00557d3bea871b5a76b32c5
74afa0e610e424dc1da6e5286f90c3acdfbd91ef,69f4fe99eb897e1437321c6e89378ef8740d2412
5d048720721a3c4fd7c736b374ad39cd3f973fe9,e32838aeabcda9ab314824d83380e187fbcc8b4c
69e4056b09ab9c7f904ff0c1efb8784ea8622884,5501a17811c8cf53added50c64f05f4a75b79a29
f5e7724d4ece32d5bedad605a1438a2fdbf91cb1,f660265bf9fb5db1817ca2da56c9b0376daf02f8
4204bb172ffc8530bf23bcad2bed3cd73d75918b,110fe7456835576a1d1a980d2d934708230d7269
ade5ebcbc5658d0f8493d5c8a7d4ea82c19fddd7,017bb52383db881b8dd6aac4520cd49d972a5a87
b61f4b5cc22475ab4a5b5abc68e1f6f04bac3c51,b77bb09359a5beb764c1d8053166cd843289da29
ffe4f093d7b28866153a60f133a6581873b03b51,554b62f2ec83657b21e3ea021f2c9d4342033da8
8cee6502f0b69a449b49c3a1ab8642d02fd0049c,cf64ff0f7f373699f8ca7a3b0a7a2253019b1c95
48a336b846a57ec2bb9c72abad660665a0833a1d,4ba4bc850b85531da316478b7546d9b4ee66fa44
2248e4fbcd394fa3fed1579f94de752f16b3aa8a,78c9a4b2822161eb139ebea93f6c55b8530ef6fc
0094976844dfac7bde9c6448e17113b80f3834da,481f0ef8e87b4c4335ebb927fa3cff8316246e76
e2a4393917bb61515cf87b18eda307b41c43b9dd,186093fdc8502bb4aff915fa0f06e985df33ba3a
f2df4e079331986827f795bfffda05d539ccd2e8,92bc6abecfb77365a520c5036fc1e5eca5563fa0
8cc20c36ce2e3f1877ae1b807668d2c5a62224d9,6f5579e804f190084eccfe69da6980e8a3dd7a2a
7cd31ebf4d117786dfcab8b488f829683648190f,05b882c90c34c6f53d2790d58a0e618d1b526b30
87366948e55db468d7ad00f1fdb775a9cc526953,bfa969996f25e205a90a9fc435351e472879663f
9dc5e40a257bb637325cf9c44d00d5c038de6d6a,e38d6f699dd76070c53e262bcbf3fb6d7e9c9bfe
9d8f22f186f19fcd0127fe8373b2d38a5c4b8a09,95ecdf1df4b4bd92ae6d40ddfa6dd66d8bd152c3
8d66d6c0be2c67dd5d654fa2359a2eeac57f6823,7737cd2870b4d502eae6ab00e3fb73df02deb010
0cc29579d32b7bba80feecfb4c785ef8e3cb2d29,c8fdcb1502bd6cce81ac0a37a14970aa5d624a05
30d603350805f0bcf3e0dbc737b188124f263d79,d8cd597fd7ae2bccdcc450142938e8f1320b8f20
cdfe3360f4f96e91ef328b3fd660fbdfdaba2b89,5776c05541a0dd3af5b4187084e351996359358c
9eabfb8528dfd1e661036466af13a74cf12cdc03,2b2934b71682b710c626d53053988ff02b848b7d
a74aeb7de7e81eafa8d39476d4c66260ea6d1c17,5a1e986c3017e615b163b4efe2d2068c463d8f1a
cec5e8d4bc2030119418e17f9031e4f9056103b0,5d5e92d1753b73f16e6b80d9a0050c82ca3559b4
e46b76406a0b030da8390576dcc178912f8a3d45,3f600ead4891753eebf7a21017c720820da720ca
e1680eba9848ef381e7b9e258cdcde0c4b463533,92b992365eab6c4d2d17d34238c24ff102c664bf
1f7abafb727de94ee011a8204a21dfb50970918a,6db1c8696bda353fc6d0fb8a80159fb56cb588d1
ed8f7f6cbb0cb4ef095c5f8731b840446da00e73,4b4a927f3ec5cdabb8cc9086a58f9365c285a122
292864946929bb67b2241e88cb4aa0af8e96b4ad,30028f98f90637099f1757a09433a9e78ccf62c5
8cc188310cdea06854d637335fc951abd6accfce,d209b7a255d815b12c1a1169f188dcd998f566b9
c87db657d273b29cc5984548686ded1f5981021f,e071f982b7c2d841e2c9fdb445c9566400bf07fe
b0c4b337227597c687de5993f7be6da9ee969ad4,6b2ce0943a5650d019701670bedd112f25fa27e9
6b0943d89fb03c53d0bc943ec75cfef739a8011b,2755a01c84aeaad90f2c62dc031633a9e7b3714d
f80ca22fe4227b13ba19fdb3e8efb2b7bc55994f,a983cc81ee7d51c84ea3d5b75445ac697b376e06
b032411c80740748c9133da1bf6db1e6ad093359,ad9eee88f4db9f6b85c18cddde7a762e0dd7371e
74a4e95fe0de17ad02ce35a65717cb84b4413757,4f2a8d72dde9924efed268e031d5b78f7ecc6f63
4b6660aa0c25530d1d69a219084c757e2db780dd,1695fa376f0a77c1865544e0fddc9eb72f2da564
219a1233f9dbde7244a4e26b86c3fbaf6e27873c,e06e47074af2c87a36cc731f470192bfe75bf342
ae372df9ecd5fae453599b20ef296c5b0194d64d,d5b82ff15de99afe7496bf49f5101d705732d0e1
7202b34cc9dfa1c085f0085ed9714787e3c58202,793a6fa6ed9f514f9d6a22b722e0f163b1bfd59c
1fbd2236270a5729d87528846b3e970a72439cf6,a4f5e5a03a6704968b6ff548577d9a41804a5c71
ccc8da92aefc764fc387cde8c0c5726200a5a62e,3a7a2f6be52b41f809ec759d860b731de6794700
07954aaaa9a3675533c0916a475d6afc66c00188,f7db1b40cbcb03e053b686f3b4f830c283a7e48c
16cb01084eccba5604aa20e2893e518ab827032a,006d129c147445d3f2f6a78539f17e28575f6bc8
20b1a3802c58eaba635ece5ddeaa63c6737f1866,4b75dcaa1cdebf69b45bb13e642712187cb76b05
b9a5bc1e75304880f568abaf3c04e4968945f2f7,20f56c06eb81da0c401c03c4b1edbcb802ebcac3
ca27adebfd08c73c440836a382c0a312e34e439e,6569683383ab4b59e9a673ea854131e6c33fce5d
2e9ff29fb6224f4b1b6a4103f4d7307dae93479f,c404679305b7028bc54593430496a639e34ba91d
1537bb6dfd1ef24577075b5b5ef13034d369bd45,10bc128e75e2ee8b66a696fd4d4a4015a193b619
140a0cb04c58198196336b8e0e9f6253910cee19,30f321106404d0188d54f0a99520bcd50d120ba1
849f2599618a8177428a98cb44b4ef2539d5ac29,0b4cb9cb14bc5ad97839a4acbcdb9845dd041c75
d33add8eb1ef917b54a136a280cc7bbe65029f2b,b0acdde0bcbb74af43dc517980d73eeb82b38dfa
3553d1a9167b67881ed04cb5331516a5ff88aff1,6d3881d899faad5eff4b923d17b0b8b5fd6bbbb7
53ceaf9187a318e2eef25131c994b79849e04a42,0b061ea77e8387e85dbeb481354cce3839669d3d
26d038c496b8cd9dfb8ae2e2f5dfc98f0e181816,4002d744622c360580c5c4ee4218a268e969403d
c54a89679e5c8046a304c887333acf78ba029668,093f4b88c5162c1dc864b4e3b8bdecbc68083494
f74e7981bbe81a1fcb770c8a756d2fdaeb3d39f4,e1f7c1998616607fa124c2fd5d0c4a6c824de41c
2f7cf167bee4770be9227e3ca495bcc4289a3f2b,72ffaf1191f89eaeef37c58e24546514d0ae4272
e407422093c2b20db4c4f1b57f3505c58e652336,25b2f3039af4ddc073a18c08d3ebf596c8152e84
44d831b5bcee54f21d4de8cd2dc83ffa5bb69fec,8de96ca2cbea3b32c5c10b9dd7473de6ed5b9b95
ddc0bdd10a7971a0bba5ccd90d8afd5570f279d6,17934541558b94583caebb73216ecdecf744dd3a
0c85f0e4f71614b59f616c249249ed54224a0810,296e48d5515b34d9fb562c45583cc785cedc8356
e0077e5c3b850b9591a3c6b0231103675fe998d6,47cd08eb235c71cd6e687128d3fc25d2f9d6de36
378baae8ec7e407aa248569997cf809f7222c37a,f356a546e2e8432957882d94a989f6a1f3ff86cf
c9db5428e3f1a70c62284b3a79c2d1ff708efae3,5987b1f4a755d6ddf236aa36ee2d36d219b515e6
c1a961c7ae4ba32490df6333b0a4254e249baa1d,8b29b90c2275eb1b420ad05574b24a4057305829
50a3cfcc98d921b3cbf6a2fd6bb7ccf878739ab8,53e28902f4dc4929622e4c46e7803c214292bf54
4e038cd3216fe18f448c3bda7ce80fe59ab9e22c,403f3984386b0e8c19dca615f7064c34c1696405
4c741d1a64dfd33abe3523a18d1e020457b825bf,1d2c272b5192800372f6e835549d258390e86691
914922005375a93c581f53878af71fc23e06ea32,d68f784cb2e59e284c41078762e027573b8beaf9
f24171fbb2f25af264524b8e0824a665d189fab6,4652fa2a3bc8ab83902a55c743e085a5866c310b
7c75711c19b6e55e6a32b685a891669e316d8c85,a3f7f6b6435dd96cc2b8f5f39169a98be86633ac
aa0bf23291725967833a22d2969bf1533fefebfa,b61f6673b9d187c2bec122ebf87e20c7f88f2303
586a9e3672db2f39a0a8ac662f00312b9732fd12,849ab45911f4fcb82320869e833b7cad0574c08e
b8b1c8b8379d4af0e45b91f771a6b2087e582507,b19eb2480ceaf6a23b3f626c0295943a2300f3a6
71af3f3474dc124fcbc763b56510a32f4956951c,61cacc024e0f4f100917afd76feb27602ed35b23
107de8445941fd2431a12ca2a057fb8074688fad,d96f13e0eca41623ee1363834a72a16476d8c1f2
66a14e0d43903a05f3c22036d8caaa3cf483f446,be7632f3f6952f594900fa5f402482c68865c9e4
6fec014340fb971ce7141011e234e37b919e6740,81268b3953c5c1ffdc50e1089430d99aa294437c
0043f23ea0bb5237d3f72062ed05c1824051a7a9,44cf1d474ebebda4372b5d0ffe41d65a02a26a7e
fbb849f51b97c34f265e95895bfa82309d1b0fcb,0e8325afc92d4cac669205c3702d4652a645f39c
7c8acf2deeb203c627dbcebc51a809719bcb4b6d,559c8b90d37218484473382076f69f8d94bd10b2
c0056e478e538de1464b9b16dadafbcb896062a7,4121016ce26a58a6baa916c4533649c8bfd0fe19
ae2d9d39a6d9095a6690544cbe613e359b4c7dac,6a0d6848f683eceaba9c41d1d404d5a9016b61dd
23a2ec3021d68fe7feae8079701f5c306b945550,f192e9a982b3a3394008a35a0ea1d71efe94b613
a307cf4c2c44db1db3198bdec7970b940b172c04,e0a4b77542dd768479db4e3191d260afcfbe58d2
ddd42963b4b10c94d9bec6fbeea56c650405166d,644a150c16ab86c254c7a56e4da348bb05b6b79b
e23ae28591df2bab637636ef908d4f979a039f7a,a25a87ca656d6f3c3b2a99e74dc8cf6fb78d67d3
9e533cd7c863f2c2de1b27b19bde3f0a3414e939,a75c9cbb57b5ae5c3fd782e548e07e3943cd2803
0eb41cf9354391eccbeab4f4293b2f6611510c88,913e339fdc5bec4db6140f7f02372f848179c55e
ce6a1a92c3228a3775a6daed159d00a1a58e63cb,ee2b7bb359952ed7dab1e7034dd1bf75658a01c3
c92be05f0966664a52d5422692324a16d6112017,a9c61b4757c115732ee04dffe993a08c92a539be
22511e0585b808d0e4b36f081957e9446cb68215,209875760ec1a54b58db44c79fd64daffe44fd48
ad467423e9e35174d183d5b4571ddbaf149bb3db,175f4dc9e3feb9f87752a0f9072890742df779a9
86dc7d65cf0bad79ee5fb92d2ba8151f4d7b472c,400f0693e893ff1450609bb0c1bd87ec2936658a
5cb2b99d60ab43d72b1374810ccc36a49a85190a,471925b434505518a56f312165ef1480c66b5fa1
68aed4312c4e8cb5c39e19810b3ec3c8226a3ad1,5512affc8a408d5286544d3fc9acad4b963f00d1
5f44a99208cf32b930257b86d254c2cf98be4ca8,a0a3dd2194d7e2248e7b3d953e1f216e1b404d56
ee4832a6a71e0b59dece64ff575be3d7b42d1f05,575e751573ee5d13b25086bba4e47ab731fc6eb8
43a27a105f5de12b2f923bdd5aa8d7c4a298dc41,084ee72efaa5bfd5013ec1323f136148befda722
eea809b94514842804983896984fd2d985d8d48c,2e0e9727685efe1eb95cbf67782c5a591f89d632
4a6060fc87a8eb9f498566c22a6db148533de02d,bf2d8a0f6ba5f7476e9fa9f3c2023aedcfd19a30
696735dfff2aa5ef3ff7dc44b9f953d7285e08b6,3781addbcbbc59a8a9d4dc0f9280a7a18f59e7e7
3d2b8141fff4f2106928fb53b39453025e854ea1,eb7044d5667e954b65c3f5436b16c2ddc4281b75
1c5a806b88648ccb3dff32ea7d93f07014acb3ae,f59606531f9763ead5bdaf96e971f83182a42227
121996a054932f44e5341c03585f44f9612f5b68,07fbf3837117e40cc8832939d5f3bac4168a72c2
47408b466b0aaf3561b58b69534f4d8d51d73f7b,022d7e480e2d8e29366e82477bf8a40f65dcbcd8
9d3f47cb6930db668f2fab67a3d8e8dd88eb22ad,2ddac9ddf58488d47063d1e542283d17c3279e41
e96161533818b8e77a0479f60b0be04389461fd8,47ccd3356a30bb39924df82ebbb1383026928d75
e69c73c143f15b97f5a8847b8dd163edd0eee3cf,de48f9dd706bb6c5a794cd80926d77dbfae5b42c
b529654f29a4ce5a5b03486f5fb01ff762de2e4a,c24e0076bf94812d7b071a96845d21afa1aea6e9
f8457fd4f049c38774c6d9af682dd4ee7d3660e1,2b3c76e0e50e1e9b9b00c69d364d37b8847e6a55
ee685918e103455766265fbcdf85379e755ae6c3,f39e8756e0f69819095faaa0af18bc5eda442277
d295a45b4ad8a866a91b835ab857ac298e8d3566,f4950e21d93d1c05c8d612c3d5ee19f3bc564d54
15b496d74b18a61941fd3c4618d7fa2bbc4e757c,9f3f5e931f8d72461dfcb97ba9cb82b4370ea6da
9ae40b65c8b9de6899801f49ed8ebcfb5a04bcd7,2bd971679a627dba8e3963b3e1c522a339119393
fa59671bf2c01553164c17139696307c15d568da,9675866b5ff6598c7180fa180e025c39a8dab51e
da06d3bd5d84b9192b61758885830d162d178d16,0fa36444f6cdc45d5ac51d74ab3523dcc31ff012
e9dbfbddae3bbda79326dbc84441a39622035f8e,32a36c826c2433ef1a14bf298a51e395efb900b8
f2bc0ae2936cee009f620217bdc785c868add35c,5f28ba91ea8121f55a528c22d17c5aa2a73bc7fa
a58a2152e9e490b815b504d425d3b3e2a05c3716,e3da777b98aa693d54befe1657b54dbdf7d95b7c
4506d08d7cf5352035772ec50bd0c359154f9785,780b535bacb0f21f212d8ebd552e23d5620e805b
f527bbc47f01ac2096e917f40e6f92c6768335ed,520f06a12f6f63f48158bef6a409ed43353347cc
51c87816e7827b139c5966c110a2c883575c8a2e,f1ee2792e0487e6f31c70bf13659d77a35fc5e10
80ec7e60249349ccc771e5030dc3199625426a83,0aa67a11528c3fb672256787e247334945701892
f16480c46e4faf566621fb90ad3b74cb1a046918,fee76d4851fa87b96655a500c0efa982c6e98f0a
b275e56884bca2ede20e01a00e3cd6beaea561de,6715440e3ae896b1cd17bb771c835face42ea0d6
05dcc09184bca08ccb15b2ee4d64976c3a59f2fe,aa55a39cc75efe118545627cc7fd5a34fc2481e0
29c8d3ac5382e561ee0249e7266b2b7a998e43a3,f5d82ea8776e2d07d0d9144c2f34e97bcdbab9c9
b2db3242d3a8e30b3bcb663c9d0380a5c680e9a2,d829aa621eb36ebf8ccb7874a0495390e5f993a2
a7ec9f515dd72cd2425824b11145fde6d4902043,a52dbdbb06ef6424c5a204d6a6079df237a76999
0dd4bf1d57ebc78d5b55da1e4e2b9e187f798de3,7b0b50887472a752cd672a6405a9bdf19a6717b5
e4f5d54e53a4995cc38b27335957d4ebda6e19c2,49efec1fe74e411dae51dd5f4154c6ae563b6545
2ff277089c7ad76220c67adb9f775002e6d71169,3642585d0a104ce684d3c5120cf5b13bc5062194
f60d6aa2837a23ac7be6e45bab3c82866b51835e,7b43bae2cae045e22adfa12242668001dbf36b5d
0a66a7b00a4b14053ed2d86ce52a7831fec7138c,73d22b36eb8f72ba0b5f8a75af9467dce9d6ae82
5e4679756abfb336f4777b42494edd763e8d1bfa,765c526db37dfdeb19d3e8b267b07dfa4a9c0c2b
9c9999a256d5ceef7bc0fbf833baf7930f475a9e,786326cb146067f47dac9f90c7a016770e630b56
fecd719d7c79cb75845425a6808be1b339d6fe68,a4c7c48d9b91ef18d3167ae93c5118fc70450fae
0b8dd010028d7b7c244277e22eca7f6b4a66e524,00c42a84fa2c827ce2614110497667308d7a239e
c87b7e8da31f8b0fdc6807e301bcfa90648ef019,21d9aa6c23217a346df862de775eb444ace51c0a
d4483cbf89cda8a1fa90e02dc39a463394b66dca,96e4bc2d3e13c57713f2dadc18a7f30eebcf8137
e043f7111d890b6cf7dde6a89f607f52275c8776,c2d89439a88df966619d6ce2df4e50a2e6b70292
c2ba9b59e85cf38d709768ad077bca220cd601e5,b4ca6c99730f8910e17da5c9300f34e868d5bbdf
49df9080f3cfa6db15d63d763b9defead677406b,415c3247d12621b21da9f89a80cb26befcb1999d
edce64d59090ee1cb3b8319af20270e722c1859c,25fb7dc350e325eab1db5df3ba6b9037bbdeff08
d9f984d0b23af6f7d094914e6de507b84bfa76ca,ef044327a3e8042689b7755360bd123e7c2c8b7b
86c661367c4778beca58e9e0baf4d019ebd96707,051a2bcb6d0962d95e5ece250755412ade8a0446
13da36504d45efc1b7443779594f4afc97109dfd,5f8a73438842486c5dec48f37d738dd88d2db8ac
abe97cd4533a38df9a5f60a44a0823fe400e03d0,232da9c10349ee5cb10cd4ee6f9e4d59716ede43
14374503fae2a7f4b14cfb0b86188beb98bf4f60,fdf53a36adbba6f5ab055e2fa1c89c22930eebba
7a420b27d06fabe93807089865db94bfc4afdd53,34e1bc6b985cf7640839ba3ce7b18faec53f26b2
978adaec9705a51b313694637298753abf554fb6,2c2e5e844965e0dc070d0486871cd647037cd98a
e62e203aa38b7a31cad717364fbcbe1dcdd38cd1,0de8216986fdf9ef788185a984ccc4e37414bf5c
ed794d194f4e1e9a4d14364d7ba1d9119b12078f,fbdbb2094f0418ec3311f36d3b6dee536b398464
b04214032b601c6c09d596f39c8bb843580fb606,a157c6e05706753a9334e8839cd290cb7261d00c
71eeb507485df5b9ef44e820a875a19f4035857b,91be2bbc4d1465dbb5184752fecfa16d96f826d9
c32a0a576e54e167ab1c020e0f63765f2d5a4507,564a9af02bc6c3f807bdbb6a1d070d3404af84d5
6c45cba915c9ffa4e7bbf97d70852247ffecafe2,408ca637eca23df848f274fa16ef6a21f70f12f9
b10167d2e9af4a8cb86b9718f767a021a61701a0,114e350a9496b216758e1c52da0a9dd53dd8f9d4
1593d5bdb2a6d5de935b1511ee7a39f74a4e2d28,5af82bbe4f9d05471c314a4f13e68db8c4940900
220952d47c3277724f837f763a8833f9683468e8,a86f8f89904f91b6ed426ffe30bf54ba19cb535d
6f14156744fc748c13f6405690d990cfe4d47bd2,41654f606336c2adc1d43bf18e92d76bb1b308a1
2e80a7d6bfb8b4df93eb03c89c7e175fe763e1e6,f9cfd91c66283adb899f8cecb70ffa4be68c53df
8c8d7109b00c7d92e7422a1b1f6ccfccf192a7b4,bebb1a7011eb8bb986c5bc0cb92254c7ee3ea094
615ae6130296e3956ceebaaa871983a4b324521f,538d843d97804f66e32bd7a51634ed3505af5871
348d6d5ab3840bb73ee2b7cded8ebec936b53cff,6171d57248c36e14ee9f106c344214fa8e08d6ba
e4ffd24af3e79986f2e9da780c490691bb4d293f,816ba95c203556b3a2170cb989b9b71290866d85
7036fb4845d0f1c476f89639db7f89b1d84998e4,d520b19d2ee533dfa170b6dec54de06b605a855b
f56ba6a2cecbf0400b5160d299f955c83d47ee02,1b75c6e0b00b25b58e1a5cdc3c5bc7506573f407
49c28214eea58c27116423979e6386494554bdb1,9597bd919db87ef0fe3c8cc74586fd163bc40cf3
9fb20390d0465b33be8066dd35052018efb4ee81,6298ed9469c6f9a3c28bf130a90f3d4dc21391f3
6532c02da1a367d339c5826020a3341ba0edc0a0,0925a7d504bde7a00f348812ca34c63a9f7f667a
dff9c222be4689639d0447f114cca575cb569086,860afa72725edaf7ad234f7ad0692eecaa7c41c9
4f4e5332ac5c111257f59a36271979319673da85,39e1f40f7abe50a0c0f62175e06b8f13ac4f2b49
f02f75c1747a4d75cc450c7d100068c8597707be,d733ae5ad2ddbe0b56478fd6bc6bece3cde09986
ac53f9f52befd5a2874c785e390596b0ab22fdb5,a51c456c9fa73b6bc1fa6a9261acea556b6127aa
de28083c10d95c64c87d75657c48823dd55b39ec,22caeac878508aaebb24bc3a0c121555e80d278b
e78c6f36ad5bc2b4aa9f7e8a53eecba3fc03d9d7,fe8796e6179077f2963cc470e70cc54535cab693
10d2376f34827fd6507154e36b886adf359e100b,16c2a821b842dedd7a95d69c0cdc6479dc5cf25f
86ff34777939e7a60abce233522cc967941afb55,d93dc7b946eb6c297025e16454f243d106541056
925f349f1ec53720f1149d9b4fcae997e48ffa5f,85a23e3bf1603fe6c512c7c16c8d28f3a9fca87f
abb5255e57b61cbfe36e5cacb41f36f01ec351fa,d4da79d9836ed80fdf3a67f3a10309ea9eb845b0
f8cf663415a1274249471949c6d19c22b0a9841e,75db4dab7c072b5c2c602b5afb29ed75a3586568
e5b90b60259a062e50e20d039faf459b0dec9d5c,7fe33c453556b19665abfa670115bd92a3a806b3
2bf2508201134bab20688a34c24dbacec888fed1,0d5c634db2bb920626b35607f41c64ca71e4602f
8e4a32cff1ed91cbdb12b588a31ea1dbe026065d,2d9426a9e715b85e65df19c6942dc82be775bd94
bd7b145e46a47e8ff985e16e0ef9bed3d554896b,3fb11b3d0122070777062cc31520385776324818
a433c9992d6c804bb6e1c010578d963b3b734c7b,7f427e59ccc0e72fd2894432c06278e6a9ee17d3
c37c07071ce302eb7a3d096763b3e628888d8841,23e7f7940a45702358fe32a23e7fe9a8028d5e27
88af36dde9d8447f4b1a85b82ded29857608dd8d,9aa3073221b97b50211b7ccecfc8a62438c1e33f
e31a2db21bb23933bf5aab97c1e75707e9274c81,3d08a736186930bcb4a8c8a3cc1ea503674ed11d
492f8e26b93ae03ffb9940446870cbe773ec3ac1,42eb07325986837badda94466ccd19f24c65da8a
1869da125bafa936645f9374c169cd5870c70251,b70f316b18906af4e89c1c41b2f45041eeb8c523
7e0deba53da83d215f2d716ae7f34a9b043c17c1,45a28b4c43e0d4c574041a55225c0cc855ff1a02
f6b0fb2d8be4d4ed0822cc151e9e57abf4b54b40,b2fc0ce8729e04530b05e3096271d7c7215e6082
bace26dbdd54c80d92b8c50c1f88f339ecd4164b,e9d8b75474999454e1dbdd27f05efd771ad504e3
dad1067348ff9020682139078e1f8ae45364dd3f,01517eeaf3b5b1a7926aefbc683cff87cef5b7fd
2b438318d2596f9cbbd3c9a361843843d0ea433e,6121454f2cab6dee6cf614e7356167fa90e677a5
3ee4d77369f042d4a6b295cde6f41ba8f999eca6,5d686cf533a653de7910fe0b4df21188e4edb32b
00606f4662ea3c06bfb6242de130887d837ddb48,212672c160a86578b60fb8264b704f9de72e41c3
8e359a6d23aae83401e35b8db1d3fb18808e5624,245aa31b6216fa8b5244ce80feaf1cf350a92c43
0537de3495ed4f3c80833b4610ea5c0f390fba47,f3eb6949fdbc378ab22f87db669626d70d99e0d8
2dfe4fce70f1254cac1bdbc72cf059d45a40ec38,b7539eda1284f8b177d23a79af108d803584edb2
c1e67e936e6f3bce973f3e26a9a58899a15b0d91,3be55a0e5bc6d2b4e430e90e4aa8fc7e7ac133bb
14ee39e756d2e0392fae87d9299a4fe8f00e4531,f324773d718a27bbbfd3bf1861bb8cbd84ce5044
30be0dc4a836c2435ed11694a4ba8f846663d8b6,008e876504818f1d4c8f270dcd6376c3a7ae545c
e152d87610d67aa7cc89332f2055d8060c15f5c3,a0e66b467fddb04931e36f7b98e12fcb6996636c
4cbd0239d43496b68f3c8c075cd533256fc19674,fe978b99e51ef6200cad0c8bf104a84c5de0a1bf
2f5c4b6d8a52070c4955d2c7f1973070e33e4cfe,8c7cd83d471bbd7656f96a4dc0dfa2bb0160a572
6d362b7bb5b3846bf99e5ba2e644f819c736f333,4f268e29f94dffa2b6bb2e067c52eac12a4915a0
cc5e485689c5bfeec0d4d8eddad5c0f3a04de875,c942f59b1b9a0efc8df1c67139c51fb9603ad907
8765c8c10f50944fdbe42eee6360711bc3eb3e0f,6b8303d4af6b35a0af04c0b5b85e10b770602114
ec12b520f7ea541b07785c846b7932ec628c30c2,7863f0b137f9e1ef5ff5ab2c2eb5091cc4b7c3c5
8328851d8e3162cc4f47204d6234491939cd8ee7,1bc818bab3cefc390d32dcdd440cdfaf82ecfbb2
3babf3e7e33bb34389c4b97cd54d23b2541c1c64,c695448ebec73d6ed8da99f2af37acd5e72d5c50
4646612ce5d17677b47c2f9a7d4eacf07aa1b92c,e7750c28ffdeb9535ce4e61053ee4155e9419a94
d92e2f8da306be68018a8a07ef32c2836d0c4f63,6ca0dcaf183e2923402f2542f52ba89e6b1823ed
a346ce4e92ebc88f6764ed5cd4b0be2d87f04cad,009a8e4ba160dc9a8aeeca525540a52f47ea3c7f
402c22ee99b4f489ce7ca9e5a6af3fbaa57400b3,8c6779a8d78675f1f48275c997916bd9f1fe0126
bdc44f7a4122a9b1c0685d049d7115f0b4367026,b274136155e9e20d873290b7408c79e0620c01e1
3227d6c9760769bf1abbb2597fbce5add62837e0,e800a7b86c418b640ee61b35f978c980cdd76c24
7fca8f39630934e773c221581453f4db9c0a78a9,27e4571a3a0b32f6e6f15fe3767934a6600c467a
167669300b263512cca5373395ef17033b06cab3,b5de111e7ebf6b97f477b06685ef7d91ea1a4533
f56c1703ccac9da4ad45cc78cd476d64082b527c,66c85810d28c675ced5fdeab494f402ae34771cf
8162cec6da21d38715e7c08b07a5f8998ad0ea0a,5c4eb17048868aed4526ebef6145ad2831c67c30
f831583f4b1de4da8398359cf0f28588fd37f154,2aaf9d829f435db445c6ef40628d3b4cc80967b2
6cdef0763aa40e7ea971f1cb00c9edbd8fa49fe5,27f0e35948f08a5b888517338ad7d8b1f0fc489d
e0416eb51aed590208833da6a17fb8e04e7a74c8,c806003c0d817d934b638bf0026636acddb4657f
eb6914076a7aba91e1f8f1ef36c99d82d0fa162d,e325d832e58d5ce69aab34b7d3e62385e6f899a2
a113e4b2358a0a84b77acf2594f9507028480d00,c968cd1b8784a2727af1d918ad62e8fa802a23e0
63d383aa8f8ced908b00354c6c3c84ccd60b7525,6eaefeb4db519c9bc1888eae9c556d07d746ab41
e174e8848ce471892628c19c27e47d55769b56c6,9031a3af57e144470f115226920c73510815c4be
e309587fe9e7df0ddcac6990f9f7a5b6131a62d6,ec1a703fe39c1a36ed27c2562133ab611e755470
1ce74381f22dc07d4d3c36eee4b1563844a10865,45999b22d0fdceec4cd6576496903f114c24394e
75af6511af73c0557decd6a80833187c291e0615,610c536f5093be95e55c6710c502a8db48eb68fb
4e8475be34a39b184545f48edd17b2a657b93bde,c876695d8fee8d49e7e4e44628be8317a72b9168
cbf221d9e3f6b50e3873c2db4714f7577edf9429,3a1eea734634cc9588b2d843cdd8940eb88c2528
2bfc22964759d5a9ea9c70d2cc94b718e7f88b8e,17eb50da2a17bf116e0a04b30aa2e0a2dda54a12
3887cb0d94913f3b7c2ff891df99415f265599c8,2216f979bbb5525c0001b4f6a348e213d84daf15
0f61ccb6b94ca5c6d9c2c8b0f66c1f8b8225795d,dde1add0183b63780409c6deed954a41295fb180
9a827206c4e8ae9a579a614cd75b350fa68c0fdb,5b598023d21f67e0f1fb724aba3ccc2bc8333e22
1e4b78b29249dd82f06b77437c42d6c9c64f5272,a2e5c044b35b3659e2cf65138645accd27ac4298
8ea4aca71e996a460d69a0d5520a5e3a9d1f2907,e7f28e6cdf5c329b259d4903bc778a70bf00cdae
0e8a11b40e28b24cc2731fbf2be08abe2bb71b08,45a2888a4ff5b49b80ef544e99f5c0c90d67565b
4dc700e1917f6602b438b46c270ecd3e05d1d98f,b104e478c022462543bbe39526b6864eb34f6db6
29951b51c784f80648363a9d47941721b07841ec,3305e84eca7a70a460c91f4b7d5ea1e13056fc89
2918baea27993637f72ab015a9dc5131a4ded3fd,01440ddf6e20055bdea6bb9998218384c9a0e84a
e87792f670943604460b45f4487ee4fd3cc67f73,c1c3b812693b949de79a0d9692e182a3575c1df7
986a6d5f60f3d5193fdc892abf3c8df85ffdb402,9621254fa0ff2320f39b108ebb3c3e533e74f17c
d697b492bf09edd245b106cba5c3913456984564,cf4a6160866e1ec3352021473670547c2a212441
d1c7ab7bebcb31da04de677cd74cf5175922e02e,d9d211a2835566e6a2f4fb9260191a656ebf8392
e8eb6662bf8217cbad00414908c268f429d7a457,2fe225e1f7b6e7c3dbbb8de2c1c5f5a55907801a
8bf1169b9d1cfccdf2a3d2bf0a0d855f4edc6a03,a4010d1651b82e3c4ecdbd691bddc2520c1cc4d2
5d2bf4d93524973b1ea1ab27982871d32dddde8c,5a188e176fbc48ca436e790dee9ff11e63591922
1b12a878bdaf04a05cd6ef515c94e99bece9ca90,272129bcb7514ecee7287d8f86baafbb493ea429
3789814dd95fe0631be1ece9657487ae516ad4df,3f4eb352fad342911e51173f2192e68517abab67
82ea19687b7428adf6efd67ff2dc9c7cf462bacc,69f2567a059231adfb881e94051b5385dd6dc4c4
afd9cf485fdc5d76ae0628432ff4f580a707b6b5,0fa43943ae01d19b3e4944b7abfb11cc9c126afe
a800643e4e6536f3935052d2b6820072681c2732,d3469c2277790d20b9b6cf36d0d622b3b06b1ed0
4eeb213147d18d1a2b6992f2cbc5e7e27ab6b356,b86131759da705c97f4c7a1d66a55c3224589b9d
b7d7ebf8b3515ffe07a2b37a7cd530930727968a,f243081399a34f549ed25f738d0bcadb8d21c036
f06d238dff66d43ac6ff2c5ae7e6b56d6226d95d,27fe9913b40fa3936f4e5677c3ff41e4f7a9f406
998683c172cf4288fc838457c9690401e1b28ce0,98603525729eabd5fe754ac307edbf7f001a7994
96b8239b0217822136abf8ed45ea6555ec220e3a,ef13694913954dcd0e5c9b2fd98e45e3d0a5e8fc
9aa173629f83a511b8b6f6d47c3cf5dff058b479,e898edca4b48ea18df638075ecd5f6df8226309b
f6e486b990437d6c1cae31908c49ffec4c837aab,daf5b78282db9b5a41afde5476bd61ddf70f480d
68f809a66cf096f6388d8d3e10953117c4ac14a0,f8f383a6c06e748587db5333f4d254e2c728cd12
99ce1d208ca94c18984baef18810f9747a2b82ea,92204212d679d292c6b22b6cd08db632347c9123
29c8170e2a143447f6bb162269c90e1f86754e9d,8879c396b6702c2fc3be984f24391b4002a92885
12e58d452c8ba6ec8aafe929cda3d6bca270cfc0,a122a03ee46fcf8536b5bb073b7b35c1d106ab00
e31942b464cd35573aabc9d9b80964e952c39910,f7e8147d2d2d6f6282335c93105077edb19b1dd4
7545112e8c66b53a6e322c8aef56717aae375486,18e89f87b98a9838e06a3d9b6797a77942d4d04a
ab98e39b5fd82128f272e5e031bba07dc978f9b0,9240d209df854157674217dbdbe4ce4353a4670e
a1f780bbd4e46bfd2669b22aab3c1b0ef2cf04cc,82ffcf44224755f4d866b1d869f077cf7b3dcd2f
28ea0c36d6feffe0999580d14da24eb24e4bf1ef,da077d931f5110ed5a593fafe6fc2c62996e7e0b
13485dfc39b4a39129f03f0502595c3aa7f6673e,3fb7797f877efd37cd0b060477d628d6ce7eeec4
b3f5a3a0eac392f11319617ca9e33a992d5e21ed,d1987409413661421c8837c95a4e3ecc244cb577
bb8d8e18ad22958c00430a9d433f3c0549845707,d68f5b163d712953f0bfbf0c3529003500664b9f
4e18e382a352c32c21690c4eedd4fac68ca30919,18d4103b40e41cd854b30234de872d29b5ab9393
fe38500e90e700693726915990a83918ca7cc79b,f56ce1475cb9a8cea528106f40b936ef68d9008b
546cbe949cb1f603447961198b3ac375e82b3047,de26b9645b711d44118095b6ae137729313ac8a4
4be631065505ce8f100e64e8f4a6b0b66b3a5842,46866a133e84d1e0432397b1ca28130649a1dd62
483dff10c853173cbda5a13dfbb217d670a297c9,b5998e21105521864a7f5861405df99fde81aa0f
81ed31988aff53d17c053db89dc192b41827e8bb,f1665efb1df91b24090ef8859bf94bbb7a364c55
271fbeb1fdbf612b7cf258173f51c3c899e95c8c,a82611f0ab7d289a31395e4b06e86d47743e37d3
2862f5a58c4ce02793e1937cc6934663f8110fe7,6efc491c6a19dcbcb18587d0cf322dfba7340d7a
8ed132a5594e5360d528421d2ce99e3b8a510719,bc94dce1cee2b6be0eff45f1e09b83715dba47f3
3f19a03829162c25171f76061dcdab3bd855c72e,46d73e8faac7bad02d2329ec629760e96d0c186e
5b7e9218196d7a39c2c47959df85cb3762a56791,1bc2b291bf37856f8916e8c004d931f87e106502
cecb415ad0b87482fcfd2062bdd403f2af7b7447,e991e013d9ff200624f4cfbeb8e401745f402c98
dda36761ff7cb356b16aef465f2839f06f5f549e,639c992bd4feb436096ddfdf05b4724e2995c326
a586e08cfa87e39ec2df979d0414948c4292337b,b807611b9734ef8fa243edf5deba34186255ce4d
e030be17e8119e80857c81119d73740c68244d74,68f5ab1597928efc992a77140f0409b2e5833ebf
be9d4b7fc2f2f4d6cad09a6ec79b867d791858b3,6090793a86a5fd361d44d575c0bd6288085256c2
b259823bb80b8c123bf42bc248181215f0c0accb,aafde0102db9e61a3fb4400a4eab9fd919df8607
51676e053079a2b1685a1a2979ed20abfdf5ef1a,593c4c74ee2ea7ff8153d2cccbd5b9df96ea788c
021aa7dd1677a19b7c221d501a6dabae7610d750,61972ce6c2faa54e487cd0fe06efe23f3be5f4b8
564b827117a50baaffcafe105355ef206cfbac18,ba15b83e244992eaf2adb0cb37b121e45e78eccb
42a901a57ea8ff212d6b9586dcef0675f7868136,aeeb95e893e832bfc34af4d597aad5f2d17c9e6b
b7babaa78b401e43b6bd3f84aecf0fe499776c08,5034a4ed38381af4f719f3eeb8692da492e63a36
8c3b11dc551d07c3f40d184e60822c3d4cea7435,8d69dba6c7be3f35f2b08ceab9a02c92137a2674
5d58164a0fcbba856451619f28e68dddd812dc65,82a099b50d606157ca1dadbd510f3565093866b3
4f5f15a2b70ae67ed699ae475b0f59577d9e0e57,c1c95fa1d41f654d85750c3541037c75c82cd9a4
19b520fd2ae56d23294d9ad9ecc92e872f781791,e1f13d9377c36c5e87b014d03d7a75b5f578329f
479cd967c7c0642a67ad7796f8d1eefc21c8c146,e2bc0bcf2a53c181836afa93e8b86e3ba6716897
28f9527ca8f96b568cb8cf4c76416d17e46cbb36,295744e1c6edadcca1ea09d92ed48e0cfa98bcb7
3242af036f4d1ca8f56d4639d6a150a8c41e302a,287cb2f3e5c18174a122a29c2042c76c035b1a6f
e4c7cd1bf1261845764c70bdb180e0e22e912583,f914e2758109b4c53cc65e7840ea886bd9dbf02d
24c8f0825d6254ba15d1923820938be1bffa057a,9d3b979a36306597be20bb987f80e5494849a46e
435f6a0295f36db26954556384a812e1e4bcbfc5,9442420963ae9bd934ee239823124b051f0c2cd8
cc310325c9af59fd96bca8755cbd70233320eb26,2bd73936e1c8b40733a80eefdd75853853748f5e
8dd044a3dd230739719f8c8ef0d128c9f6fe757b,032c58437089c1465fb0e6bcfb55e655c536dcba
35d0648d9a1b27b7ec3a51656085538d2ea876ed,510d659c71f6112a78d6b75e0c87b34a87705874
3a46f6ef85b766562f903404a132505594d11801,f3551e468d3a7d851106832070c0a52a5dc8a77a
8fe438c125182991a081fd456c2e8bc563bca0fd,c741628e105b9b7b93f7ebe49e04a2689ebfb275
91c20efd3be81929e444d3f262145d9f2710445a,b01775df241c06e8b393daef8995d81d3197d9bd
cefe24ede03c693b59cc7e2ef7056adc26ae648d,68fb224c895e3ec1b58dedef5c8c077634cbb25f
77c85ddea74937f827a01f1f4168c92dd4011625,c9c4f20d1978f15a98621ed46d48d6880d6a3d3a
cbc620b2896f63a245fc91b4737acc00cf219115,f2a45e9e7e19ffe396646da7e3027e1f47eb4320
626d22e58edf3556e9b7db2adb8c9c165d97125f,21521487c55dcb3541f5f2a4e4d52c04b25ab602
e14ea43f58721c5ecc1c3bb26de94afcf841190c,5555743c013760fd9ea568449689a4d1e06a3232
cc03d719def192850e8aa7a2e061b7e008662398,cff94b467fb0e06bda6e4218651119fc6701ef63
d2c2ec1c7fd10987c32f8c111036947909b723ec,071d9b5ee51dd8d6b12c8a55071e5b0561c6e9b6
4124287698c826fec2b63e0fa5b2d45343a09139,311bbc395ae4200f276e2ba97f9ab573957790d8
8068946b8dd67f3ee8171d42216e8aeb5c19d2d8,91f628872eeca15b177d3b237a9478581fdc3232
143e38b2b5bb19a82d6a9168d5dd303bc1cc2549,f80249ceb96b480a04bbbe34228c41bbef816f5a
3cdaa6cdb66bffdec6d7105e9300d7fdf164602f,0512afb72e3518679888259e5d2c1171f4f8e75c
50712185b9cd9c7ac9c5b326d16859d05eb53b6f,59d1e845961fc96857f311a2417b83baa13c5c24
7e46919db2da2ba0ec1c872bf178c44e83767318,4f1fd63128b56a5841e649c192e6c6b274d148ca
2be8b0e97f0e8d764f5eb0b391fc23cea573e385,09a45f196b2e971b38c7e80f96efe17046516579
b7588ac187b32f9f5e1b35c9395ba4e81aeb8f8f,aa77cd8a548f348ba461a44d92b2641f633bc4a6
c0f38748fedc73dbfab32c0096314d1b5b77ef86,2742009b965119b0f3f6e6e40346705763d6d7fa
3fc1fe9b92368d35b220427a5b11ae256bcfa8f7,1c2db4910a0aca4104f6f79164ae6a99dc71159d
22171d546cc49a5aeaa0c7b44a3a8426803b4cc4,5546650a9a4b39fb1391766e8da4635921a758fb
7d36bb5d2d8309d25e9cd0d2891789a78b7df8e6,3901c7e107564cac17a3593e176a1dac8cd2d965
5aec0685e18d0c2f58d9db1896daa476b9caad1d,6ef40eed7083130fb5a9a6e801ac8204283b5212
7cdf6236fed6cbb03722ff691d85892bbe07c479,e9d13532f1590db8f5128eaad2eaeb3b4e6fc0cc
3f2ef7b2ce90e1f9a4450ad651ddf92546887144,11e6d78a98309a1ff637463c6da2e47d42ea561b
d57983eaef98b1cb7ed142beeaaef6bb04d93358,4ccb2b2839487bd49c5d58c240d9aee7e243692d
4f15c8021b6a681ccef7a356ed19ecd109343674,bf7e9d60733ffa050b30e52e2f3082a6937a360b
61e9650da16d8d39dfda50664a081ee1b4bd946c,22a9cfaede83fd8ecd4c12d404b72077c774b3e3
e3a515aa0af88408c1d0f8cb1a5f489cef3c4c86,a9f97b041ef768d3b71ccdad42d886af6e470f51
86a017741fd52d9ac95a987734c292a92e36a8e9,714781b6eb980a52eff35c02a1eafdb91cc328ce
f8d55bba5832a4582068883fbded6f18682c39c9,785262dc9386130683636ae8d09b138d152b27cd
215922e7dc5ce00f4aefacf2d4a59cd88e4c2471,b55fcf627854deeab1a8f0cec05ae0033d72ab66
c1e5858c5dacc738c9c12e4d7effbcadf51f7c55,db00be40d9a105626c94347166ac839e0236d1db
0692af57968e7f9776f7f5db63a4458bc4895d26,4f4bbb9b7b1eda2081cebc476805f19c87564337
81991e5d9784e958d9e3cfd6fc6ae229e08d5936,804cc17500986142c42098841e4eff382e1e9e7d
bd21d50839745626d83acbc5f1afc813fd008487,6b5bf1dd297906084f688654cac09b3523dfd4c6
73dea15e29a49e06c7f2cf2c2e1dade3a973e125,24e659500fd6c8424d86dc6636cfb7bc4411fd10
3d4609222731daaa86ae93e5922047ba0fa93d9e,92a14ae41d90885657a64650c56c39fbca31363a
eb4280322d3a95a1348e6429fa7b11fe87bbe909,c676f81cbda40173eaf042ea563955bf8587d33e
9c8a23607741f114ce116b2a3200955437bf0d15,98456f73498ebfb6ca81195c9f1ab1aec0b7f189
efbe32e7d6ba74548fd13dbb1a8c78296731f0ff,274fd44fe9c3008e4bd4c1ded71883ed87dd6775
9d877052c2c301295bd354792bbfc6ce3303bc54,2d76a07b74aeebbb73affb42f597b6e550cc49de
f44a2296b4a3cb5ce4d1fd84e54552d22b6bf51c,3908ad15d954d5ea4299529d915f10124ae14aaf
b9452c019acc2423f1080d3085a2c9a74f37bd09,1dafcfb233948b602cdb5a13bd8b965f79d7b10b
d5ac2e68f4fa78b9a1ad9e99f5020832e46b8a3e,6168f7fc9b12c05b3a396913783897af11f54123
dc384feaa26aead376e10ce446968aa5fd21ed1f,0fbd875afd953c2289daf04e903b430b9e10ba7d
2d009c72b525b4c6b11d11fed8269e784b43d5e6,026469785c59b89b877b93b9338356441635a187
c1629557e57ac4764406c8ab264c8603e1a75d17,74c92a3be9c460e5d340f29396f38513f81022eb
9ea666e9b68c120f5a4be0cab3e8c91e9e26a39a,69a01a7b7420a8353ce505079eaf2bc8bfb2f724
edb701171f69b916230c4ca4aaaabe1de6fcdaf9,6419f30d8a6143ebf001c7ff84ac144691a4bd4d
8a803b32adf76dbc0d198b9431c60272046e8df9,752da090b677d85f48122d7cca7d8de70dfb9b1a
72c2b3f0ae5168a59932dea15ff825ac9d16e1d6,76dbb90a485c877b45b41f90520383c6c0fefce0
4b74336f82b8bab5a8970d3736434bbb03cda838,aed51be2ce0b34384b56d4461c5ea01e1e7f934b
b9f0189f0ff8bf7e929166cab81b779626b55644,a6993bc2ce80986aabc91cfe627134b0d0e43a3a
92dbfc13e7e2a406a78d0862d765cf3907d656c5,efc10fcb7ea4a19878ace690adca458b8077bd10
d434bb3a7fa2af3949ae8a27e8ac44092702bc14,68e236c24a497450703d63221c779718b04663d7
ad21e3dbbf10bf241a5923e842d8e636515e0bd9,19312836c2754867c9d0e1de070456312695143f
58fa7b6f7d6752809a5ecccbdd9396c41c934648,4d18deb6231b326a326b99a260a061aadabbbe34
3b8c4c1e57003d073b7449b3ded286727fc201c3,794a519307470aa9b75726b201dc75611d89409a
1eb35e4ad26e911223655749b9d834c72cec672e,a411d8c2e8dfc2f576a876387862c534da79c5b0
0c712a2e02c87f0f6f5ef0c0529e277edb014e49,0a1d2680e61a58b3a09685e247d21c5f1c342046
3f3be066597370074fafc3a8bc5fc99606b47661,b97d19c3e247c3a551775a8e3ad74d544a442492
72e7d3a0bfb089ce03a60474d46a98ed0a63ae2e,0394f3bcad171117b5565f54e40cd5a562b8d3f4
bbfe68dc5b712bff4cd5a53a0e98c4dd58ae4648,b7decde3ac87790f73571c537f7b768f9010d076
429193fa855cb1ab3e9df0f7da5a1694d602c26f,1a75aee6b825f1e820c76c888c2f9fe643212d62
7f51dbf87a1f431a887ba31abce8430118ab687b,954325b13f5257d0afbeac97e6284d32d2a583b3
b0e2a0ff43fa26accdf4d08a64b5896cfe0b880b,05ea8d3344cc18248f83e6a30253f8b968282c1b
901c871e1a6c8996223922892ea4650c039dcb4f,dddd00e95adb9a79ff014de422f17a1cf5fcbee4
0f73e5e8d310db29871907ab89832788117f48be,e9372f482ce994e67bd5928842199909fe0673c6
e7b3893b6fe70756ecd5cdd90cc53d8a54be39b3,1e5c2b6a091e5c1c80698de5b07b8cd4bfa76387
c7103d2f472a7eb58e7630da8f510f999a5904a2,f2926ab73e8f76f1e44127097874f58e4a79998c
ff6590317e8d89533dc8783cc1c616a381ee5761,34fc179885a601bddcbdbf707fb5f2f4ade64907
2f51f1dfab36ecd061a7e9d4d7646fe55ce92e1c,01d56265b5a898c502aa43b54bbf62feeb13fba4
b31d954d160de6935cec0a21cc57a711245cf372,693bb207d48364a8580411a82c12323f13d56493
2f0b5d468658ab375ae6e22f6e9d9494b525a85d,3b489f5781dcf45d5ab4345c15817765e430c40b
6df6ae07090ad0d04125b308ebdab9cbbcb0eda6,89cfe465df47c900c0df60703582f60b30456e18
0cade335c5fb7b426275ac2dcefceeb1eeb58e82,58169746ca79490f8115fbf32f09b5722915e10e
670f7a0a0988f7262f7227226539c8e88319d27a,270118eb9a68539981cbff44c92f0470897cb168
c4c5691d888e795de83a47a2e1463d22ee41afae,234e3fb8fd8a7d90c4bb96e7b20033ea73139138
ba1dfddeea8f193901c51374c6e9c8a28bea3b4e,284b817dfc1a3053d817a2cf0dac1d4e998e89bd
51b508aa385cd05421372cdb3b5bcd25acafe7cc,371914892f6f1b8d009a94a37b8992190acd3f33
951243c40412b3316a1e80fbd5bc1fb173613c99,638b21d48ce9f16223fa1cc957a4e056985079b9
c9902599f87350aa469bb7ceba7ee221a752d7fa,61d2972a36f77ff32ecac185474aa1cc52f02f19
c7fa5f3bd869e79ded45bdc84dd23905b08dd7b8,366dff6ebf510d7beb2c7ba9087c213b20a059c6
7e5968db329cec8cfa811729c041a6915bba4267,7e3f3abef8173dd0f2f7d3b45788d1c4bd75556d
261e3b1dbf59ebf69595ab125703710fb7c4b179,5841a9c06f83d4e1ad6e870092a1bccbc7a496e9
05e13274b4075420f920947b73208cd4008f5183,3d15f0bb2794a7c1184e96e7911e913073cbfcda
7c7f517cc639652164cfa932f5834a6a7dd85c9d,61ecee2c7343a0f4f8581997b22dd6a3941316a6
935d94335dfe73bb39719aa894b8c62fd0b096f0,2db4428a44bfdcd8b6f59dac41fc144b24263385
68ee1f887aa0fba14dd959462828828235c1a25f,c03e87b398ce53ba8fbcd41b24e49cf30cb7c5c8
2960a0e47566cdfcefc54c7e42a6f35d27514cf1,c31d4c8b4ae1474e0b135ab3a348978c5b59dd70
f1d5eb2c2de0a759423d8424c1401a860288248e,56fe580d1100a143e120c09ca4bd5124a1e73752
16e2d78738136e3734a6a2ca86e83ffe275ded28,3557052b4d20c9065d10624ff13fae8ef49fc5b8
ab62c6735602a006476fad35cc38d7b3a79b9f26,d802c7902d114d6af3db03151dc31a96c9990e16
84fa2bdee996f33c9df7e834f7e32b6a9410c3f6,424a8506c1a3bdf3ae4aa0e98087bec6b15141f7
5f0633fc5ccd3bf66c98741af2d82bea3996c7a6,62aae02b4c2e98e9b488ffdc51e1e71fc2b9bacf
f1cf24e1969ec8ea1713e6b3e679a4a5f3462ffb,713445f3fc03d83e228857192c6eb0d5d3725bfd
b0ff3cdd0e23b352a57b25567ada6bc6a91adc66,f7b921fac091273f91600d5f9c27ea744f22cbe6
279baeb7ae12986a1f12cd216bdfccb67ccdcf45,462e6aaf38691d7c2f001e44d2b6791c8a43fdc2
ea26852b74f5ce2d41465fe399edd81653c85822,29be482cd36307bd37f1223316256c82a6013be5
d0f701a1c219fed6f7f14bd9c28ae0cb915a7c4e,18ac863fcb458a97d48c26166b7e7080e95e5284
2bc6c5efd51e144fa90af2618ca9798ad75aa6fc,9b146a69070e6161a37ab493b7fb03d4649d7b92
c5a75c7756e3c7a5df8dc904abf640a1a05939c0,4c792ec986d08d2465fe39ed0a51196ca88a9b1c
aa42fc1a2db0a83b888887781d36b6adc5fe5eb3,9c5cdb6f087b3bb1b15007224cd77e3402eab5bd
2e5fbeb0befd7b5557807644c65270bae28fc0d1,e310e52d9947723739fc095674cd31989d12e043
cf63219be61586e9396df06814d4835762d3b7bd,4464d224f4f62b3775d62ad3f45f7f5614cb8ee5
8f8af1d458caa042ef6ba59797f7896a5de13c31,e073796430c7f641a55bd5e70fbe0353761915a4
a9287d1a9547d1101a46250dfa06c66f1b9ec3bf,3f7b1194b711d306ecf0e180eaf6320bff87d1ad
02b87016b1f8225a0a12797fd1c329812436d220,d96fc7db74701b691e549c53dde574a0467d0d38
52313443103082859b917d6c58b255481aa09c33,94e5708d0fb013bac9ea951c5f228402d33b9ead
25e7bf6670eeebd1857ff56331113354a186472e,73fc4bf1e308086d81cd78cd76c4ac13fa455769
a440eefd3ad536d64949736547dba0fbf6088aaf,c5a39a8d5bb53c82d6069dbbc81981ec86742c7c
77e3c844df1afa36b2b476455f95748de1816ade,2399b9f812f96392af1868528de08c9cd4b24f0c
1bbcd3d425a1a39b09454d4bcf69ce36000003b6,6ae389bce445a21cb5163053fb741e12464cda78
7079305aba53b1691721fc9d7b2d309ff5cfb302,283253e3fbb55201102a856927484e94bf72ba0d
9725e585cdbcfd9a25bb147a70bc35dfe931b3f3,1d8e829f5a6c1dc071b885d00c4e2e220d85bfff
68b6b3638a5c1c8cb572175f6c3d3bde693d169a,6e38959c0766ce08a3033327fb9a729f9907be6e
f741f1b0b32b7ed5ddc348b43234650996c56ce8,44b8e4c90f4ca12f4be47e93f0ba2980f17812b2
0a5fd15c6ce150e414bc924ca7a48dd5a43d46d2,c054873d1839dec15f080bc39a1b706ed1a3e69a
41586a28a63dc7a3c12bd906144f786002df6dc0,def311714b95f0a814697fad5bb0884f5bf2dc82
da52a6e025766d11ac6424005b1a09e4bded9f46,93e636600669c79b67aa3088c2b43aaf70a9ce4c
15739e4f61d23e29281bb1dd076647e458dfa10d,838fa50fd06efbc95562a352399c5cc476576bba
28428385c9611ff8239d1911fdc315d82d5be6a0,0f4cc75480453155f90bf1545c5efa59cf95dfb9
f24b27da25e3007516f1ea5c473e6dbff4cc5780,a11b679264d1ed2e31fa8a786513bd31b0bdd094
9c40656b57c24b73e66958d88152b691ca8d71a3,bae4986ac9244f4fff3833829acc2109780d4237
94dd47f2b8196be7b256f2924e1816291e72ac30,14776beaa9688901947d9927218d666178558508
8e607a58872de57aa3513a58d8f5e099ee148590,11dc019feb9a49eb81182b43ccda9d2736ab22a1
a41e7cdcb86372838b663f68da400c04240b0a34,935172359e57e21478d34f093ff9b5168b6771d8
7cca5f60e30ded3f0e5a2db1a17d4aab627974ca,7abcce4a7597a028974f18e2c078f8c4e12b0b74
c2d832bf07182233db57d59ac6c8d5c95b06a91f,492510ec78a2cf5f2d0e239fa958f31ebbc055f2
75963267465bd942f6dede2cba1a5b163454e1f2,23e93179c86c4e0639983d13628b0f14df459a6b
6b6a13a7b09b1ffef747d855dbdc9c2c9aae2554,bcb355651ae9bc38cc8f0b5f7b2d06cc0c528f68
0243ee83b920416a3054c3ac8489651ee5a85f35,a27a8bf41cc952458d00ff4a9eb45fe96232ca5a
e457d8ad686eaba05ce8b7b36bd073769c382098,174988e7da40c7cbe82df681af9a8560b53548d8
a03aa18ce04c05852ef4cf64a3f6cb7ca92692e9,403e80ce2311e6a22f4f0273538ce11266680da5
3c854fca315f6bd0ad379602c25333f2f15b1e08,53b4e800823d7497f19e0a94cba725d1e5e29ce5
45b7fe4126720bc35612461c60e26b0a126dcb95,5d230c12726eb6de12fb00cd1401d92e943f7550
0abea4bcb2cd5d498d99f870e6fc3268e4a06b6d,014d4e1a2627f106ec38b544c7cea9fd59d234a4
5aacee87efc35070dfe7281bf5514cff9ff7d6f7,9a0ce4f742edfd1bd0f15a98e40460078667f1f9
42076688669d656bdb14e8e0da612bb234080a35,eb85a834d329298855f03deb71fe87e0e7e375d9
7d44dca23bbd121609ff4f3be23a1a80c83266f5,43816080c267a33daf1be1530a88ca7d8d8f379e
27c995bea92b89231ee242071d9218f2dfed6d08,d25da357e881d997b9ccad166c67aa1da014ca2a
61ff37d97f40fdd6ec8ab746c81b1ce859f5c76d,0ced0d8475c7d1e93ef786d14cdcc377a6b65d3c
c9bc31fd8055f0621d71849fd313e752045084bf,f39e0bbe260c42095d3102706d6a624023138a91
2ad3eaae085190189e7b0fb4a78a51f6ce5abe6d,f1cd9d69efc794d035a26c6c1744322ca7c71234
b7261f6ca914ae8d2a865a6f69d8575497867812,e9ef694067effff89b2fac0038b5c26bf4b9d77b
0e323d18d47b28e5f6ce382a41099b7b765ffcac,acd290a779776b4371dfb1f8058e2c6453a5b157
6fa896901373cd390739cf729d744c6be42e605d,0eaded67f2345f297e44c88306a6e12c505e2a70
32e35ce0394464cb72bf479876b89da218a52724,35d8478c065e67b0876d3a85e3e8c5b6c59c3325
8d3b678c6e2a8280c06156f65365e8b30de36b52,e9ef2452785bc012b06a1b03519d4340f1179aaf
c890b302652ef82a1ce30ca0095b557ecffc7e3f,6e3c6df015281a14125d6a36341f7870d5117d5b
d172f44bc055e3919603e06a76e5b44dfb9e86a5,c3481431f08d7c126d58805ac5f28796295043ff
98ef4c9653f6d82bf700ba5c062a03a2291f96ce,294b68d0a3cfb7183311ee89bbf0a0c2613a6b96
f5eca90e7e8d63ca7e9909b6f64f3d6e26345dfa,732dd8bc4cb272c5ce243ce182bf944deca3e1ee
ffe6d0a17b40ecd1c19965c487e37bf9e2071c2e,4a76ac3d56cc744b67b232dfbea011c01b266800
355cd7abf910d4586c9cc49a04ee1e3313970ac3,77ba4d9edd81b3506c34b084d52c222dd6eff4ef
0811f0fa9f0dc9edba5a5a095cc7f44431b67f7e,7148310a355d2a06b80e854715018d3cc7688093
6c3be5907886ebde440f276144efe6cbcec5ffab,c75603f862f6196c56573f1011325929d4c46169
fa350cf0b749713bd20d05e5c8227e2280dfb8fc,6a0b62bbbf74124cfe110c6032b1937821f01aa9
b120c3bc66d2331b064816a9d6645e28b64beb77,08eb71c43cb05d2292bc6db83e16d0611695b392
3ef26f35e4f6ffba16329afdcd3a188d8c01d2f2,2c38bf4c2f968e8c6692fbba30c161f55ea30311
4c65ee1b266738b2bfbb94ae8a7f6db650c8f6ea,2895f30e3081c1c1af0c3c89e0a4911b21ba38c3
9d66207981be33612c68d685d3a6eb145ac59b42,8697e306e53e3a30c3f2d84f67c1ab7c94f0af16
b7b3d1000ccfcbe18d9bac2014408b7fe9aa8f2f,27fa328222c8dc71d42e0659af6ddec1b36ee1dd
996eb09af6c32a4b41ee1a65aff178cc46002ca5,60f848b16080b5f4bcb6b79fcdda141078cce704
03f75a1a127d3958b833a27113852c92cfa65a5b,c072bca19f1fb35156cddceccaf5068bb3cf8046
2c777c18ce2aabfa4ba2c4954dd38bd120f16d10,feb93ebfd5ca60c71e4ff98cb245fb4c9184e165
2dae62e086fcce7ccb87aa5df9291af55d4e54c7,e473c1782019dcd78216edcd1e9775425fb5ae3b
549b64d2826c68c8ca46303833871e00456e6a0c,f03d174d477ab1e3f3d596315690ba556630b582
80695965b87e6ee966721de09506433e0c17bb1f,c84e654f52d8e61d759c1944b837da8fc6b2099a
bd9ad17e9ac7a35b53db9425b3421ced213f6c53,32a95aa3dff97c449b53539438e5651bcb565f22
dd3122ff4d1daa38a35c9402318b3f84d24b6561,e90dd74a27449152616b7419b5f5be611427dfdf
1dac0a01b7991b605e453a943e15ccd1363a7fd4,5ba967dde003bb7f38533533edf8e099149c0472
3cfcf95b0889478fb4d6baf76bb636ee8c700954,9cb1309a8e6cc7fbe5df74d67a1d02d6592553de
f2650c34c89397829a068e726b39cff363267f4f,3153cf21e19524e18c70b3dd3a02399312b858fb
6bdb13a62e53ecc809c9c0823fce8312de867a54,3f12e39524d5bc90d4d214e01c75cf4d28a810ef
c509dc495d5c1040932562842663199476e7cdf4,a258d3e5d30ef13a7ba7c98922a7565ff97433be
81d89cca3a1664072fb4c55ddcd03f96d620b95b,4ce444d1f6b83d9aa8cf0f21f1e6d9c085b41a1e
e4c715bde2d2fb157bf90c418eaba2e4aeae3a1c,5bf00feef817bfe41c3f8c31f9c2cfc75dd1c16c
4ec714d0b451d69d0eed5a56da715ae06aaec08e,63eb056fd2ddfc9bb2c68094fdc7f5a7f56fb068
9ac1d8655dbefc5f148ac95537c14ade8759b9ae,71031a4cf47097a0046d4687a1591fcaa88e4b0c
bef3db06dc4bb132146ffae0f8357db613b86f62,81e4d906c958bdcd57947e664c0a5c1dde227ce3
274eac0fc7293a0e73c730aa02117e478ab55b77,7fedb26e9f95aa5e42ef028c4cddcab8864e624a
ee8a9abb0ea3af2277b5f023684cb291483a7922,ea18801ab53271e4acf0cb922f4d8e8e78dbedf9
c2a6164e6d14a9fcd71126d6f9a98f0ce70cfd03,b046bbe5e941b9bc7ab78fbee9ecd5abe9c75899
96d2c2dc2cc21cd26811fcb444a09afa22340c6a,a40e162aa4c5d77f52ce8c9bed78c9a795354a4a
